checked_at,origin,destination,depart_date,return_date,days_out,fare_brand,outbound_time,total_price
2026-09-20T21:53:32Z,BUR,SEA,2026-11-06,2026-11-07,47,any,07:03,287
2026-09-20T21:53:32Z,BUR,SEA,2026-11-06,2026-11-07,47,any,10:00,315
2026-09-20T21:53:32Z,BUR,SEA,2026-11-06,2026-11-07,47,any,14:32,287
2026-09-20T21:53:32Z,BUR,SEA,2026-11-06,2026-11-07,47,any,18:09,287
2026-09-20T21:53:32Z,BUR,SEA,2026-11-06,2026-11-07,47,main,07:03,367
2026-09-20T21:53:32Z,BUR,SEA,2026-11-06,2026-11-07,47,main,10:00,395
2026-09-20T21:53:32Z,BUR,SEA,2026-11-06,2026-11-07,47,main,14:32,367
2026-09-20T21:53:32Z,BUR,SEA,2026-11-06,2026-11-07,47,main,18:09,367
2026-09-20T21:53:32Z,LAX,SEA,2026-11-06,2026-11-07,47,any,08:00,299
2026-09-20T21:53:32Z,LAX,SEA,2026-11-06,2026-11-07,47,any,09:12,324
2026-09-20T21:53:32Z,LAX,SEA,2026-11-06,2026-11-07,47,any,11:20,297
2026-09-20T21:53:32Z,LAX,SEA,2026-11-06,2026-11-07,47,any,12:05,297
2026-09-20T21:53:32Z,LAX,SEA,2026-11-06,2026-11-07,47,any,13:18,306
2026-09-20T21:53:32Z,LAX,SEA,2026-11-06,2026-11-07,47,any,15:03,303
2026-09-20T21:53:32Z,LAX,SEA,2026-11-06,2026-11-07,47,any,19:46,262
2026-09-20T21:53:32Z,LAX,SEA,2026-11-06,2026-11-07,47,any,20:45,262
2026-09-20T21:53:32Z,LAX,SEA,2026-11-06,2026-11-07,47,main,09:12,404
2026-09-20T21:53:32Z,LAX,SEA,2026-11-06,2026-11-07,47,main,12:05,377
2026-09-20T21:53:32Z,LAX,SEA,2026-11-06,2026-11-07,47,main,13:18,386
2026-09-20T21:53:32Z,LAX,SEA,2026-11-06,2026-11-07,47,main,15:03,383
2026-09-20T21:53:32Z,LAX,SEA,2026-11-06,2026-11-07,47,main,19:46,342
2026-09-20T21:53:32Z,LAX,SEA,2026-11-06,2026-11-07,47,main,20:45,342
2026-09-20T21:53:44Z,BUR,SEA,2026-11-06,2026-11-07,47,any,07:03,287
2026-09-20T21:53:44Z,BUR,SEA,2026-11-06,2026-11-07,47,any,10:00,315
2026-09-20T21:53:44Z,BUR,SEA,2026-11-06,2026-11-07,47,any,14:32,287
2026-09-20T21:53:44Z,BUR,SEA,2026-11-06,2026-11-07,47,any,18:09,287
2026-09-20T21:53:44Z,BUR,SEA,2026-11-06,2026-11-07,47,main,07:03,367
2026-09-20T21:53:44Z,BUR,SEA,2026-11-06,2026-11-07,47,main,10:00,395
2026-09-20T21:53:44Z,BUR,SEA,2026-11-06,2026-11-07,47,main,14:32,367
2026-09-20T21:53:44Z,BUR,SEA,2026-11-06,2026-11-07,47,main,18:09,367
2026-09-20T21:53:44Z,LAX,SEA,2026-11-06,2026-11-07,47,any,08:00,299
2026-09-20T21:53:44Z,LAX,SEA,2026-11-06,2026-11-07,47,any,09:12,324
2026-09-20T21:53:44Z,LAX,SEA,2026-11-06,2026-11-07,47,any,11:20,297
2026-09-20T21:53:44Z,LAX,SEA,2026-11-06,2026-11-07,47,any,12:05,297
2026-09-20T21:53:44Z,LAX,SEA,2026-11-06,2026-11-07,47,any,13:18,306
2026-09-20T21:53:44Z,LAX,SEA,2026-11-06,2026-11-07,47,any,15:03,303
2026-09-20T21:53:44Z,LAX,SEA,2026-11-06,2026-11-07,47,any,19:46,262
2026-09-20T21:53:44Z,LAX,SEA,2026-11-06,2026-11-07,47,any,20:45,262
2026-09-20T21:53:44Z,LAX,SEA,2026-11-06,2026-11-07,47,main,09:12,404
2026-09-20T21:53:44Z,LAX,SEA,2026-11-06,2026-11-07,47,main,12:05,377
2026-09-20T21:53:44Z,LAX,SEA,2026-11-06,2026-11-07,47,main,13:18,386
2026-09-20T21:53:44Z,LAX,SEA,2026-11-06,2026-11-07,47,main,15:03,383
2026-09-20T21:53:44Z,LAX,SEA,2026-11-06,2026-11-07,47,main,19:46,342
2026-09-20T21:53:44Z,LAX,SEA,2026-11-06,2026-11-07,47,main,20:45,342
2026-09-20T22:04:58Z,BUR,SEA,2026-11-06,2026-11-07,47,any,07:03,287
2026-09-20T22:04:58Z,BUR,SEA,2026-11-06,2026-11-07,47,any,10:00,315
2026-09-20T22:04:58Z,BUR,SEA,2026-11-06,2026-11-07,47,any,14:32,287
2026-09-20T22:04:58Z,BUR,SEA,2026-11-06,2026-11-07,47,any,18:09,287
2026-09-20T22:04:58Z,BUR,SEA,2026-11-06,2026-11-07,47,main,07:03,367
2026-09-20T22:04:58Z,BUR,SEA,2026-11-06,2026-11-07,47,main,10:00,395
2026-09-20T22:04:58Z,BUR,SEA,2026-11-06,2026-11-07,47,main,14:32,367
2026-09-20T22:04:58Z,BUR,SEA,2026-11-06,2026-11-07,47,main,18:09,367
2026-09-20T22:04:58Z,LAX,SEA,2026-11-06,2026-11-07,47,any,08:00,299
2026-09-20T22:04:58Z,LAX,SEA,2026-11-06,2026-11-07,47,any,09:12,324
2026-09-20T22:04:58Z,LAX,SEA,2026-11-06,2026-11-07,47,any,11:20,297
2026-09-20T22:04:58Z,LAX,SEA,2026-11-06,2026-11-07,47,any,12:05,297
2026-09-20T22:04:58Z,LAX,SEA,2026-11-06,2026-11-07,47,any,13:18,306
2026-09-20T22:04:58Z,LAX,SEA,2026-11-06,2026-11-07,47,any,15:03,303
2026-09-20T22:04:58Z,LAX,SEA,2026-11-06,2026-11-07,47,any,19:46,262
2026-09-20T22:04:58Z,LAX,SEA,2026-11-06,2026-11-07,47,any,20:45,262
2026-09-20T22:04:58Z,LAX,SEA,2026-11-06,2026-11-07,47,main,09:12,404
2026-09-20T22:04:58Z,LAX,SEA,2026-11-06,2026-11-07,47,main,12:05,377
2026-09-20T22:04:58Z,LAX,SEA,2026-11-06,2026-11-07,47,main,13:18,386
2026-09-20T22:04:58Z,LAX,SEA,2026-11-06,2026-11-07,47,main,15:03,383
2026-09-20T22:04:58Z,LAX,SEA,2026-11-06,2026-11-07,47,main,19:46,342
2026-09-20T22:04:58Z,LAX,SEA,2026-11-06,2026-11-07,47,main,20:45,342
2026-09-20T22:05:39Z,BUR,SEA,2026-11-06,2026-11-07,47,any,07:03,287
2026-09-20T22:05:39Z,BUR,SEA,2026-11-06,2026-11-07,47,any,10:00,327
2026-09-20T22:05:39Z,BUR,SEA,2026-11-06,2026-11-07,47,any,14:32,287
2026-09-20T22:05:39Z,BUR,SEA,2026-11-06,2026-11-07,47,any,18:09,287
2026-09-20T22:05:39Z,BUR,SEA,2026-11-06,2026-11-07,47,main,07:03,367
2026-09-20T22:05:39Z,BUR,SEA,2026-11-06,2026-11-07,47,main,10:00,407
2026-09-20T22:05:39Z,BUR,SEA,2026-11-06,2026-11-07,47,main,14:32,367
2026-09-20T22:05:39Z,BUR,SEA,2026-11-06,2026-11-07,47,main,18:09,367
2026-09-20T22:05:39Z,LAX,SEA,2026-11-06,2026-11-07,47,any,08:00,357
2026-09-20T22:05:39Z,LAX,SEA,2026-11-06,2026-11-07,47,any,09:12,357
2026-09-20T22:05:39Z,LAX,SEA,2026-11-06,2026-11-07,47,any,11:20,357
2026-09-20T22:05:39Z,LAX,SEA,2026-11-06,2026-11-07,47,any,12:05,357
2026-09-20T22:05:39Z,LAX,SEA,2026-11-06,2026-11-07,47,any,13:18,357
2026-09-20T22:05:39Z,LAX,SEA,2026-11-06,2026-11-07,47,any,15:03,357
2026-09-20T22:05:39Z,LAX,SEA,2026-11-06,2026-11-07,47,main,08:00,437
2026-09-20T22:05:39Z,LAX,SEA,2026-11-06,2026-11-07,47,main,09:12,437
2026-09-20T22:05:39Z,LAX,SEA,2026-11-06,2026-11-07,47,main,11:20,437
2026-09-20T22:05:39Z,LAX,SEA,2026-11-06,2026-11-07,47,main,12:05,437
2026-09-20T22:05:39Z,LAX,SEA,2026-11-06,2026-11-07,47,main,13:18,437
2026-09-20T22:05:39Z,LAX,SEA,2026-11-06,2026-11-07,47,main,15:03,437
2026-09-20T22:48:11Z,BUR,SEA,2026-11-06,2026-11-07,47,any,07:03,287
2026-09-20T22:48:11Z,BUR,SEA,2026-11-06,2026-11-07,47,any,10:00,315
2026-09-20T22:48:11Z,BUR,SEA,2026-11-06,2026-11-07,47,any,14:32,287
2026-09-20T22:48:11Z,BUR,SEA,2026-11-06,2026-11-07,47,any,18:09,287
2026-09-20T22:48:11Z,BUR,SEA,2026-11-06,2026-11-07,47,main,07:03,367
2026-09-20T22:48:11Z,BUR,SEA,2026-11-06,2026-11-07,47,main,10:00,395
2026-09-20T22:48:11Z,BUR,SEA,2026-11-06,2026-11-07,47,main,14:32,367
2026-09-20T22:48:11Z,BUR,SEA,2026-11-06,2026-11-07,47,main,18:09,367
2026-09-20T22:48:11Z,LAX,SEA,2026-11-06,2026-11-07,47,any,08:00,299
2026-09-20T22:48:11Z,LAX,SEA,2026-11-06,2026-11-07,47,any,09:12,324
2026-09-20T22:48:11Z,LAX,SEA,2026-11-06,2026-11-07,47,any,11:20,297
2026-09-20T22:48:11Z,LAX,SEA,2026-11-06,2026-11-07,47,any,12:05,297
2026-09-20T22:48:11Z,LAX,SEA,2026-11-06,2026-11-07,47,any,13:18,306
2026-09-20T22:48:11Z,LAX,SEA,2026-11-06,2026-11-07,47,any,15:03,303
2026-09-20T22:48:11Z,LAX,SEA,2026-11-06,2026-11-07,47,any,19:46,262
2026-09-20T22:48:11Z,LAX,SEA,2026-11-06,2026-11-07,47,any,20:45,262
2026-09-20T22:48:11Z,LAX,SEA,2026-11-06,2026-11-07,47,main,09:12,404
2026-09-20T22:48:11Z,LAX,SEA,2026-11-06,2026-11-07,47,main,12:05,377
2026-09-20T22:48:11Z,LAX,SEA,2026-11-06,2026-11-07,47,main,13:18,386
2026-09-20T22:48:11Z,LAX,SEA,2026-11-06,2026-11-07,47,main,15:03,383
2026-09-20T22:48:11Z,LAX,SEA,2026-11-06,2026-11-07,47,main,19:46,342
2026-09-20T22:48:11Z,LAX,SEA,2026-11-06,2026-11-07,47,main,20:45,342
2026-09-20T22:48:45Z,BUR,SEA,2026-11-06,2026-11-07,47,any,07:03,287
2026-09-20T22:48:45Z,BUR,SEA,2026-11-06,2026-11-07,47,any,10:00,327
2026-09-20T22:48:45Z,BUR,SEA,2026-11-06,2026-11-07,47,any,14:32,287
2026-09-20T22:48:45Z,BUR,SEA,2026-11-06,2026-11-07,47,any,18:09,287
2026-09-20T22:48:45Z,BUR,SEA,2026-11-06,2026-11-07,47,main,07:03,367
2026-09-20T22:48:45Z,BUR,SEA,2026-11-06,2026-11-07,47,main,10:00,407
2026-09-20T22:48:45Z,BUR,SEA,2026-11-06,2026-11-07,47,main,14:32,367
2026-09-20T22:48:45Z,BUR,SEA,2026-11-06,2026-11-07,47,main,18:09,367
2026-09-20T22:48:45Z,LAX,SEA,2026-11-06,2026-11-07,47,main,08:00,437
2026-09-20T22:48:45Z,LAX,SEA,2026-11-06,2026-11-07,47,main,09:12,437
2026-09-20T22:48:45Z,LAX,SEA,2026-11-06,2026-11-07,47,main,11:20,437
2026-09-20T22:48:45Z,LAX,SEA,2026-11-06,2026-11-07,47,main,12:05,437
2026-09-20T22:48:45Z,LAX,SEA,2026-11-06,2026-11-07,47,main,13:18,437
2026-09-20T22:48:45Z,LAX,SEA,2026-11-06,2026-11-07,47,main,15:03,437
2026-09-21T07:48:34Z,BUR,SEA,2026-11-06,2026-11-07,46,any,07:03,287
2026-09-21T07:48:34Z,BUR,SEA,2026-11-06,2026-11-07,46,any,10:00,327
2026-09-21T07:48:34Z,BUR,SEA,2026-11-06,2026-11-07,46,any,14:32,287
2026-09-21T07:48:34Z,BUR,SEA,2026-11-06,2026-11-07,46,any,18:09,287
2026-09-21T07:48:34Z,BUR,SEA,2026-11-06,2026-11-07,46,main,07:03,367
2026-09-21T07:48:34Z,BUR,SEA,2026-11-06,2026-11-07,46,main,10:00,407
2026-09-21T07:48:34Z,BUR,SEA,2026-11-06,2026-11-07,46,main,14:32,367
2026-09-21T07:48:34Z,BUR,SEA,2026-11-06,2026-11-07,46,main,18:09,367
2026-09-21T07:48:34Z,LAX,SEA,2026-11-06,2026-11-07,46,main,08:00,437
2026-09-21T07:48:34Z,LAX,SEA,2026-11-06,2026-11-07,46,main,09:12,437
2026-09-21T07:48:34Z,LAX,SEA,2026-11-06,2026-11-07,46,main,11:20,437
2026-09-21T07:48:34Z,LAX,SEA,2026-11-06,2026-11-07,46,main,12:05,437
2026-09-21T07:48:34Z,LAX,SEA,2026-11-06,2026-11-07,46,main,13:18,437
2026-09-21T07:48:34Z,LAX,SEA,2026-11-06,2026-11-07,46,main,15:03,437
2026-09-21T18:57:34Z,BUR,SEA,2026-11-06,2026-11-07,46,any,07:03,287
2026-09-21T18:57:34Z,BUR,SEA,2026-11-06,2026-11-07,46,any,10:00,337
2026-09-21T18:57:34Z,BUR,SEA,2026-11-06,2026-11-07,46,any,14:32,287
2026-09-21T18:57:34Z,BUR,SEA,2026-11-06,2026-11-07,46,any,18:09,287
2026-09-21T18:57:34Z,BUR,SEA,2026-11-06,2026-11-07,46,main,07:03,367
2026-09-21T18:57:34Z,BUR,SEA,2026-11-06,2026-11-07,46,main,10:00,417
2026-09-21T18:57:34Z,BUR,SEA,2026-11-06,2026-11-07,46,main,14:32,367
2026-09-21T18:57:34Z,BUR,SEA,2026-11-06,2026-11-07,46,main,18:09,367
2026-09-21T18:57:34Z,LAX,SEA,2026-11-06,2026-11-07,46,main,08:00,437
2026-09-21T18:57:34Z,LAX,SEA,2026-11-06,2026-11-07,46,main,09:12,437
2026-09-21T18:57:34Z,LAX,SEA,2026-11-06,2026-11-07,46,main,11:20,437
2026-09-21T18:57:34Z,LAX,SEA,2026-11-06,2026-11-07,46,main,12:05,437
2026-09-21T18:57:34Z,LAX,SEA,2026-11-06,2026-11-07,46,main,13:18,437
2026-09-21T18:57:34Z,LAX,SEA,2026-11-06,2026-11-07,46,main,15:03,437
2026-09-21T22:54:39Z,BUR,SEA,2026-11-06,2026-11-07,46,any,07:03,287
2026-09-21T22:54:39Z,BUR,SEA,2026-11-06,2026-11-07,46,any,10:00,337
2026-09-21T22:54:39Z,BUR,SEA,2026-11-06,2026-11-07,46,any,14:32,287
2026-09-21T22:54:39Z,BUR,SEA,2026-11-06,2026-11-07,46,any,18:09,287
2026-09-21T22:54:39Z,BUR,SEA,2026-11-06,2026-11-07,46,main,07:03,367
2026-09-21T22:54:39Z,BUR,SEA,2026-11-06,2026-11-07,46,main,10:00,417
2026-09-21T22:54:39Z,BUR,SEA,2026-11-06,2026-11-07,46,main,14:32,367
2026-09-21T22:54:39Z,BUR,SEA,2026-11-06,2026-11-07,46,main,18:09,367
2026-09-21T22:54:39Z,LAX,SEA,2026-11-06,2026-11-07,46,main,08:00,427
2026-09-21T22:54:39Z,LAX,SEA,2026-11-06,2026-11-07,46,main,09:12,427
2026-09-21T22:54:39Z,LAX,SEA,2026-11-06,2026-11-07,46,main,11:20,427
2026-09-21T22:54:39Z,LAX,SEA,2026-11-06,2026-11-07,46,main,12:05,427
2026-09-21T22:54:39Z,LAX,SEA,2026-11-06,2026-11-07,46,main,13:18,427
2026-09-21T22:54:39Z,LAX,SEA,2026-11-06,2026-11-07,46,main,15:03,427
2026-09-22T07:31:47Z,BUR,SEA,2026-11-06,2026-11-07,45,any,07:03,287
2026-09-22T07:31:47Z,BUR,SEA,2026-11-06,2026-11-07,45,any,10:00,387
2026-09-22T07:31:47Z,BUR,SEA,2026-11-06,2026-11-07,45,any,14:32,287
2026-09-22T07:31:47Z,BUR,SEA,2026-11-06,2026-11-07,45,any,18:09,287
2026-09-22T07:31:47Z,BUR,SEA,2026-11-06,2026-11-07,45,main,07:03,367
2026-09-22T07:31:47Z,BUR,SEA,2026-11-06,2026-11-07,45,main,10:00,467
2026-09-22T07:31:47Z,BUR,SEA,2026-11-06,2026-11-07,45,main,14:32,367
2026-09-22T07:31:47Z,BUR,SEA,2026-11-06,2026-11-07,45,main,18:09,367
2026-09-22T07:31:47Z,LAX,SEA,2026-11-06,2026-11-07,45,main,08:00,427
2026-09-22T07:31:47Z,LAX,SEA,2026-11-06,2026-11-07,45,main,09:12,427
2026-09-22T07:31:47Z,LAX,SEA,2026-11-06,2026-11-07,45,main,11:20,427
2026-09-22T07:31:47Z,LAX,SEA,2026-11-06,2026-11-07,45,main,12:05,427
2026-09-22T07:31:47Z,LAX,SEA,2026-11-06,2026-11-07,45,main,13:18,427
2026-09-22T07:31:47Z,LAX,SEA,2026-11-06,2026-11-07,45,main,15:03,427
2026-09-22T17:48:23Z,BUR,SEA,2026-11-06,2026-11-07,45,any,07:03,327
2026-09-22T17:48:23Z,BUR,SEA,2026-11-06,2026-11-07,45,any,10:00,337
2026-09-22T17:48:23Z,BUR,SEA,2026-11-06,2026-11-07,45,any,14:32,287
2026-09-22T17:48:23Z,BUR,SEA,2026-11-06,2026-11-07,45,any,18:09,287
2026-09-22T17:48:23Z,BUR,SEA,2026-11-06,2026-11-07,45,main,07:03,407
2026-09-22T17:48:23Z,BUR,SEA,2026-11-06,2026-11-07,45,main,10:00,417
2026-09-22T17:48:23Z,BUR,SEA,2026-11-06,2026-11-07,45,main,14:32,367
2026-09-22T17:48:23Z,BUR,SEA,2026-11-06,2026-11-07,45,main,18:09,367
2026-09-22T17:48:23Z,LAX,SEA,2026-11-06,2026-11-07,45,any,09:12,257
2026-09-22T17:48:23Z,LAX,SEA,2026-11-06,2026-11-07,45,any,12:05,237
2026-09-22T17:48:23Z,LAX,SEA,2026-11-06,2026-11-07,45,any,13:18,257
2026-09-22T17:48:23Z,LAX,SEA,2026-11-06,2026-11-07,45,any,15:03,257
2026-09-22T17:48:23Z,LAX,SEA,2026-11-06,2026-11-07,45,any,18:18,237
2026-09-22T17:48:23Z,LAX,SEA,2026-11-06,2026-11-07,45,any,19:46,237
2026-09-22T17:48:23Z,LAX,SEA,2026-11-06,2026-11-07,45,any,20:45,237
2026-09-22T17:48:23Z,LAX,SEA,2026-11-06,2026-11-07,45,main,09:12,337
2026-09-22T17:48:23Z,LAX,SEA,2026-11-06,2026-11-07,45,main,12:05,317
2026-09-22T17:48:23Z,LAX,SEA,2026-11-06,2026-11-07,45,main,13:18,337
2026-09-22T17:48:23Z,LAX,SEA,2026-11-06,2026-11-07,45,main,15:03,337
2026-09-22T17:48:23Z,LAX,SEA,2026-11-06,2026-11-07,45,main,18:18,317
2026-09-22T17:48:23Z,LAX,SEA,2026-11-06,2026-11-07,45,main,19:46,317
2026-09-22T17:48:23Z,LAX,SEA,2026-11-06,2026-11-07,45,main,20:45,317
2026-09-22T22:28:00Z,BUR,SEA,2026-11-06,2026-11-07,45,any,07:03,327
2026-09-22T22:28:00Z,BUR,SEA,2026-11-06,2026-11-07,45,any,10:00,337
2026-09-22T22:28:00Z,BUR,SEA,2026-11-06,2026-11-07,45,any,14:32,287
2026-09-22T22:28:00Z,BUR,SEA,2026-11-06,2026-11-07,45,any,18:09,287
2026-09-22T22:28:00Z,BUR,SEA,2026-11-06,2026-11-07,45,main,07:03,407
2026-09-22T22:28:00Z,BUR,SEA,2026-11-06,2026-11-07,45,main,10:00,417
2026-09-22T22:28:00Z,BUR,SEA,2026-11-06,2026-11-07,45,main,14:32,367
2026-09-22T22:28:00Z,BUR,SEA,2026-11-06,2026-11-07,45,main,18:09,367
2026-09-22T22:28:00Z,LAX,SEA,2026-11-06,2026-11-07,45,any,09:12,257
2026-09-22T22:28:00Z,LAX,SEA,2026-11-06,2026-11-07,45,any,12:05,237
2026-09-22T22:28:00Z,LAX,SEA,2026-11-06,2026-11-07,45,any,13:18,257
2026-09-22T22:28:00Z,LAX,SEA,2026-11-06,2026-11-07,45,any,15:03,257
2026-09-22T22:28:00Z,LAX,SEA,2026-11-06,2026-11-07,45,any,18:18,237
2026-09-22T22:28:00Z,LAX,SEA,2026-11-06,2026-11-07,45,any,19:46,237
2026-09-22T22:28:00Z,LAX,SEA,2026-11-06,2026-11-07,45,any,20:45,237
2026-09-22T22:28:00Z,LAX,SEA,2026-11-06,2026-11-07,45,main,09:12,337
2026-09-22T22:28:00Z,LAX,SEA,2026-11-06,2026-11-07,45,main,12:05,322
2026-09-22T22:28:00Z,LAX,SEA,2026-11-06,2026-11-07,45,main,13:18,337
2026-09-22T22:28:00Z,LAX,SEA,2026-11-06,2026-11-07,45,main,15:03,337
2026-09-22T22:28:00Z,LAX,SEA,2026-11-06,2026-11-07,45,main,18:18,322
2026-09-22T22:28:00Z,LAX,SEA,2026-11-06,2026-11-07,45,main,19:46,322
2026-09-22T22:28:00Z,LAX,SEA,2026-11-06,2026-11-07,45,main,20:45,322
2026-09-23T07:34:52Z,BUR,SEA,2026-11-06,2026-11-07,44,any,07:03,327
2026-09-23T07:34:52Z,BUR,SEA,2026-11-06,2026-11-07,44,any,10:00,337
2026-09-23T07:34:52Z,BUR,SEA,2026-11-06,2026-11-07,44,any,14:32,287
2026-09-23T07:34:52Z,BUR,SEA,2026-11-06,2026-11-07,44,any,18:09,287
2026-09-23T07:34:52Z,BUR,SEA,2026-11-06,2026-11-07,44,main,07:03,417
2026-09-23T07:34:52Z,BUR,SEA,2026-11-06,2026-11-07,44,main,10:00,427
2026-09-23T07:34:52Z,BUR,SEA,2026-11-06,2026-11-07,44,main,14:32,367
2026-09-23T07:34:52Z,BUR,SEA,2026-11-06,2026-11-07,44,main,18:09,367
2026-09-23T07:34:52Z,LAX,SEA,2026-11-06,2026-11-07,44,any,09:12,257
2026-09-23T07:34:52Z,LAX,SEA,2026-11-06,2026-11-07,44,any,12:05,237
2026-09-23T07:34:52Z,LAX,SEA,2026-11-06,2026-11-07,44,any,13:18,257
2026-09-23T07:34:52Z,LAX,SEA,2026-11-06,2026-11-07,44,any,15:03,257
2026-09-23T07:34:52Z,LAX,SEA,2026-11-06,2026-11-07,44,any,18:18,237
2026-09-23T07:34:52Z,LAX,SEA,2026-11-06,2026-11-07,44,any,19:46,237
2026-09-23T07:34:52Z,LAX,SEA,2026-11-06,2026-11-07,44,any,20:45,237
2026-09-23T07:34:52Z,LAX,SEA,2026-11-06,2026-11-07,44,main,09:12,337
2026-09-23T07:34:52Z,LAX,SEA,2026-11-06,2026-11-07,44,main,12:05,322
2026-09-23T07:34:52Z,LAX,SEA,2026-11-06,2026-11-07,44,main,13:18,337
2026-09-23T07:34:52Z,LAX,SEA,2026-11-06,2026-11-07,44,main,15:03,337
2026-09-23T07:34:52Z,LAX,SEA,2026-11-06,2026-11-07,44,main,18:18,322
2026-09-23T07:34:52Z,LAX,SEA,2026-11-06,2026-11-07,44,main,19:46,322
2026-09-23T07:34:52Z,LAX,SEA,2026-11-06,2026-11-07,44,main,20:45,322
2026-09-23T18:02:17Z,BUR,SEA,2026-11-06,2026-11-07,44,any,07:03,287
2026-09-23T18:02:17Z,BUR,SEA,2026-11-06,2026-11-07,44,any,10:00,337
2026-09-23T18:02:17Z,BUR,SEA,2026-11-06,2026-11-07,44,any,14:32,287
2026-09-23T18:02:17Z,BUR,SEA,2026-11-06,2026-11-07,44,any,18:09,287
2026-09-23T18:02:17Z,BUR,SEA,2026-11-06,2026-11-07,44,main,07:03,367
2026-09-23T18:02:17Z,BUR,SEA,2026-11-06,2026-11-07,44,main,10:00,427
2026-09-23T18:02:17Z,BUR,SEA,2026-11-06,2026-11-07,44,main,14:32,367
2026-09-23T18:02:17Z,BUR,SEA,2026-11-06,2026-11-07,44,main,18:09,367
2026-09-23T18:02:17Z,LAX,SEA,2026-11-06,2026-11-07,44,any,09:12,257
2026-09-23T18:02:17Z,LAX,SEA,2026-11-06,2026-11-07,44,any,12:05,237
2026-09-23T18:02:17Z,LAX,SEA,2026-11-06,2026-11-07,44,any,13:18,257
2026-09-23T18:02:17Z,LAX,SEA,2026-11-06,2026-11-07,44,any,15:03,257
2026-09-23T18:02:17Z,LAX,SEA,2026-11-06,2026-11-07,44,any,18:18,237
2026-09-23T18:02:17Z,LAX,SEA,2026-11-06,2026-11-07,44,any,19:46,237
2026-09-23T18:02:17Z,LAX,SEA,2026-11-06,2026-11-07,44,any,20:45,237
2026-09-23T18:02:17Z,LAX,SEA,2026-11-06,2026-11-07,44,main,09:12,337
2026-09-23T18:02:17Z,LAX,SEA,2026-11-06,2026-11-07,44,main,12:05,322
2026-09-23T18:02:17Z,LAX,SEA,2026-11-06,2026-11-07,44,main,13:18,337
2026-09-23T18:02:17Z,LAX,SEA,2026-11-06,2026-11-07,44,main,15:03,337
2026-09-23T18:02:17Z,LAX,SEA,2026-11-06,2026-11-07,44,main,18:18,322
2026-09-23T18:02:17Z,LAX,SEA,2026-11-06,2026-11-07,44,main,19:46,322
2026-09-23T18:02:17Z,LAX,SEA,2026-11-06,2026-11-07,44,main,20:45,322
2026-09-23T22:31:16Z,BUR,SEA,2026-11-06,2026-11-07,44,any,07:03,287
2026-09-23T22:31:16Z,BUR,SEA,2026-11-06,2026-11-07,44,any,10:00,337
2026-09-23T22:31:16Z,BUR,SEA,2026-11-06,2026-11-07,44,any,14:32,287
2026-09-23T22:31:16Z,BUR,SEA,2026-11-06,2026-11-07,44,any,18:09,287
2026-09-23T22:31:16Z,BUR,SEA,2026-11-06,2026-11-07,44,main,07:03,367
2026-09-23T22:31:16Z,BUR,SEA,2026-11-06,2026-11-07,44,main,10:00,427
2026-09-23T22:31:16Z,BUR,SEA,2026-11-06,2026-11-07,44,main,14:32,367
2026-09-23T22:31:16Z,BUR,SEA,2026-11-06,2026-11-07,44,main,18:09,367
2026-09-23T22:31:16Z,LAX,SEA,2026-11-06,2026-11-07,44,any,09:12,257
2026-09-23T22:31:16Z,LAX,SEA,2026-11-06,2026-11-07,44,any,12:05,237
2026-09-23T22:31:16Z,LAX,SEA,2026-11-06,2026-11-07,44,any,13:18,257
2026-09-23T22:31:16Z,LAX,SEA,2026-11-06,2026-11-07,44,any,15:03,257
2026-09-23T22:31:16Z,LAX,SEA,2026-11-06,2026-11-07,44,any,18:18,237
2026-09-23T22:31:16Z,LAX,SEA,2026-11-06,2026-11-07,44,any,19:46,237
2026-09-23T22:31:16Z,LAX,SEA,2026-11-06,2026-11-07,44,any,20:45,237
2026-09-23T22:31:16Z,LAX,SEA,2026-11-06,2026-11-07,44,main,09:12,337
2026-09-23T22:31:16Z,LAX,SEA,2026-11-06,2026-11-07,44,main,12:05,322
2026-09-23T22:31:16Z,LAX,SEA,2026-11-06,2026-11-07,44,main,13:18,337
2026-09-23T22:31:16Z,LAX,SEA,2026-11-06,2026-11-07,44,main,15:03,337
2026-09-23T22:31:16Z,LAX,SEA,2026-11-06,2026-11-07,44,main,18:18,322
2026-09-23T22:31:16Z,LAX,SEA,2026-11-06,2026-11-07,44,main,19:46,322
2026-09-23T22:31:16Z,LAX,SEA,2026-11-06,2026-11-07,44,main,20:45,322
2026-09-24T07:27:00Z,BUR,SEA,2026-11-06,2026-11-07,43,any,07:03,287
2026-09-24T07:27:00Z,BUR,SEA,2026-11-06,2026-11-07,43,any,10:00,367
2026-09-24T07:27:00Z,BUR,SEA,2026-11-06,2026-11-07,43,any,14:32,287
2026-09-24T07:27:00Z,BUR,SEA,2026-11-06,2026-11-07,43,any,18:09,287
2026-09-24T07:27:00Z,BUR,SEA,2026-11-06,2026-11-07,43,main,07:03,367
2026-09-24T07:27:00Z,BUR,SEA,2026-11-06,2026-11-07,43,main,10:00,457
2026-09-24T07:27:00Z,BUR,SEA,2026-11-06,2026-11-07,43,main,14:32,367
2026-09-24T07:27:00Z,BUR,SEA,2026-11-06,2026-11-07,43,main,18:09,367
2026-09-24T07:27:00Z,LAX,SEA,2026-11-06,2026-11-07,43,any,08:00,257
2026-09-24T07:27:00Z,LAX,SEA,2026-11-06,2026-11-07,43,any,09:12,257
2026-09-24T07:27:00Z,LAX,SEA,2026-11-06,2026-11-07,43,any,12:05,237
2026-09-24T07:27:00Z,LAX,SEA,2026-11-06,2026-11-07,43,any,13:18,257
2026-09-24T07:27:00Z,LAX,SEA,2026-11-06,2026-11-07,43,any,15:03,257
2026-09-24T07:27:00Z,LAX,SEA,2026-11-06,2026-11-07,43,any,18:18,237
2026-09-24T07:27:00Z,LAX,SEA,2026-11-06,2026-11-07,43,any,19:46,237
2026-09-24T07:27:00Z,LAX,SEA,2026-11-06,2026-11-07,43,any,20:45,237
2026-09-24T07:27:00Z,LAX,SEA,2026-11-06,2026-11-07,43,main,08:00,337
2026-09-24T07:27:00Z,LAX,SEA,2026-11-06,2026-11-07,43,main,09:12,337
2026-09-24T07:27:00Z,LAX,SEA,2026-11-06,2026-11-07,43,main,12:05,322
2026-09-24T07:27:00Z,LAX,SEA,2026-11-06,2026-11-07,43,main,13:18,337
2026-09-24T07:27:00Z,LAX,SEA,2026-11-06,2026-11-07,43,main,15:03,337
2026-09-24T07:27:00Z,LAX,SEA,2026-11-06,2026-11-07,43,main,18:18,322
2026-09-24T07:27:00Z,LAX,SEA,2026-11-06,2026-11-07,43,main,19:46,322
2026-09-24T07:27:00Z,LAX,SEA,2026-11-06,2026-11-07,43,main,20:45,322
2026-09-24T18:01:55Z,LAX,SEA,2026-11-06,2026-11-07,43,main,08:00,337
2026-09-24T18:01:55Z,LAX,SEA,2026-11-06,2026-11-07,43,main,09:12,337
2026-09-24T18:01:55Z,LAX,SEA,2026-11-06,2026-11-07,43,main,12:05,322
2026-09-24T18:01:55Z,LAX,SEA,2026-11-06,2026-11-07,43,main,13:18,322
2026-09-24T18:01:55Z,LAX,SEA,2026-11-06,2026-11-07,43,main,15:03,337
2026-09-24T18:01:55Z,LAX,SEA,2026-11-06,2026-11-07,43,main,18:18,322
2026-09-24T18:01:55Z,LAX,SEA,2026-11-06,2026-11-07,43,main,19:46,322
2026-09-24T18:01:55Z,LAX,SEA,2026-11-06,2026-11-07,43,main,20:45,322
2026-09-24T22:47:09Z,BUR,SEA,2026-11-06,2026-11-07,43,any,07:03,287
2026-09-24T22:47:09Z,BUR,SEA,2026-11-06,2026-11-07,43,any,10:00,367
2026-09-24T22:47:09Z,BUR,SEA,2026-11-06,2026-11-07,43,any,14:32,287
2026-09-24T22:47:09Z,BUR,SEA,2026-11-06,2026-11-07,43,any,18:09,287
2026-09-24T22:47:09Z,BUR,SEA,2026-11-06,2026-11-07,43,main,07:03,367
2026-09-24T22:47:09Z,BUR,SEA,2026-11-06,2026-11-07,43,main,10:00,457
2026-09-24T22:47:09Z,BUR,SEA,2026-11-06,2026-11-07,43,main,14:32,367
2026-09-24T22:47:09Z,BUR,SEA,2026-11-06,2026-11-07,43,main,18:09,367
2026-09-24T22:47:09Z,LAX,SEA,2026-11-06,2026-11-07,43,any,08:00,257
2026-09-24T22:47:09Z,LAX,SEA,2026-11-06,2026-11-07,43,any,09:12,257
2026-09-24T22:47:09Z,LAX,SEA,2026-11-06,2026-11-07,43,any,12:05,237
2026-09-24T22:47:09Z,LAX,SEA,2026-11-06,2026-11-07,43,any,13:18,237
2026-09-24T22:47:09Z,LAX,SEA,2026-11-06,2026-11-07,43,any,15:03,257
2026-09-24T22:47:09Z,LAX,SEA,2026-11-06,2026-11-07,43,any,18:18,237
2026-09-24T22:47:09Z,LAX,SEA,2026-11-06,2026-11-07,43,any,19:46,237
2026-09-24T22:47:09Z,LAX,SEA,2026-11-06,2026-11-07,43,any,20:45,237
2026-09-24T22:47:09Z,LAX,SEA,2026-11-06,2026-11-07,43,main,08:00,337
2026-09-24T22:47:09Z,LAX,SEA,2026-11-06,2026-11-07,43,main,09:12,337
2026-09-24T22:47:09Z,LAX,SEA,2026-11-06,2026-11-07,43,main,12:05,322
2026-09-24T22:47:09Z,LAX,SEA,2026-11-06,2026-11-07,43,main,13:18,322
2026-09-24T22:47:09Z,LAX,SEA,2026-11-06,2026-11-07,43,main,15:03,337
2026-09-24T22:47:09Z,LAX,SEA,2026-11-06,2026-11-07,43,main,18:18,322
2026-09-24T22:47:09Z,LAX,SEA,2026-11-06,2026-11-07,43,main,19:46,322
2026-09-24T22:47:09Z,LAX,SEA,2026-11-06,2026-11-07,43,main,20:45,322
2026-09-25T07:25:08Z,BUR,SEA,2026-11-06,2026-11-07,42,any,07:03,287
2026-09-25T07:25:08Z,BUR,SEA,2026-11-06,2026-11-07,42,any,10:00,367
2026-09-25T07:25:08Z,BUR,SEA,2026-11-06,2026-11-07,42,any,14:32,287
2026-09-25T07:25:08Z,BUR,SEA,2026-11-06,2026-11-07,42,any,18:09,287
2026-09-25T07:25:08Z,BUR,SEA,2026-11-06,2026-11-07,42,main,07:03,367
2026-09-25T07:25:08Z,BUR,SEA,2026-11-06,2026-11-07,42,main,10:00,457
2026-09-25T07:25:08Z,BUR,SEA,2026-11-06,2026-11-07,42,main,14:32,367
2026-09-25T07:25:08Z,BUR,SEA,2026-11-06,2026-11-07,42,main,18:09,367
2026-09-25T07:25:08Z,LAX,SEA,2026-11-06,2026-11-07,42,any,08:00,257
2026-09-25T07:25:08Z,LAX,SEA,2026-11-06,2026-11-07,42,any,09:12,257
2026-09-25T07:25:08Z,LAX,SEA,2026-11-06,2026-11-07,42,any,12:05,237
2026-09-25T07:25:08Z,LAX,SEA,2026-11-06,2026-11-07,42,any,13:18,237
2026-09-25T07:25:08Z,LAX,SEA,2026-11-06,2026-11-07,42,any,15:03,237
2026-09-25T07:25:08Z,LAX,SEA,2026-11-06,2026-11-07,42,any,18:18,237
2026-09-25T07:25:08Z,LAX,SEA,2026-11-06,2026-11-07,42,any,19:46,237
2026-09-25T07:25:08Z,LAX,SEA,2026-11-06,2026-11-07,42,any,20:45,237
2026-09-25T07:25:08Z,LAX,SEA,2026-11-06,2026-11-07,42,main,08:00,337
2026-09-25T07:25:08Z,LAX,SEA,2026-11-06,2026-11-07,42,main,09:12,337
2026-09-25T07:25:08Z,LAX,SEA,2026-11-06,2026-11-07,42,main,12:05,322
2026-09-25T07:25:08Z,LAX,SEA,2026-11-06,2026-11-07,42,main,13:18,322
2026-09-25T07:25:08Z,LAX,SEA,2026-11-06,2026-11-07,42,main,15:03,322
2026-09-25T07:25:08Z,LAX,SEA,2026-11-06,2026-11-07,42,main,18:18,322
2026-09-25T07:25:08Z,LAX,SEA,2026-11-06,2026-11-07,42,main,19:46,322
2026-09-25T07:25:08Z,LAX,SEA,2026-11-06,2026-11-07,42,main,20:45,322
2026-09-25T18:07:38Z,BUR,SEA,2026-11-06,2026-11-07,42,any,07:03,287
2026-09-25T18:07:38Z,BUR,SEA,2026-11-06,2026-11-07,42,any,10:00,367
2026-09-25T18:07:38Z,BUR,SEA,2026-11-06,2026-11-07,42,any,14:32,287
2026-09-25T18:07:38Z,BUR,SEA,2026-11-06,2026-11-07,42,any,18:09,287
2026-09-25T18:07:38Z,BUR,SEA,2026-11-06,2026-11-07,42,main,07:03,367
2026-09-25T18:07:38Z,BUR,SEA,2026-11-06,2026-11-07,42,main,10:00,457
2026-09-25T18:07:38Z,BUR,SEA,2026-11-06,2026-11-07,42,main,14:32,367
2026-09-25T18:07:38Z,BUR,SEA,2026-11-06,2026-11-07,42,main,18:09,367
2026-09-25T18:07:38Z,LAX,SEA,2026-11-06,2026-11-07,42,any,08:00,257
2026-09-25T18:07:38Z,LAX,SEA,2026-11-06,2026-11-07,42,any,09:12,257
2026-09-25T18:07:38Z,LAX,SEA,2026-11-06,2026-11-07,42,any,12:05,237
2026-09-25T18:07:38Z,LAX,SEA,2026-11-06,2026-11-07,42,any,13:18,237
2026-09-25T18:07:38Z,LAX,SEA,2026-11-06,2026-11-07,42,any,15:03,257
2026-09-25T18:07:38Z,LAX,SEA,2026-11-06,2026-11-07,42,any,18:18,237
2026-09-25T18:07:38Z,LAX,SEA,2026-11-06,2026-11-07,42,any,19:46,237
2026-09-25T18:07:38Z,LAX,SEA,2026-11-06,2026-11-07,42,any,20:45,237
2026-09-25T18:07:38Z,LAX,SEA,2026-11-06,2026-11-07,42,main,08:00,337
2026-09-25T18:07:38Z,LAX,SEA,2026-11-06,2026-11-07,42,main,09:12,337
2026-09-25T18:07:38Z,LAX,SEA,2026-11-06,2026-11-07,42,main,12:05,322
2026-09-25T18:07:38Z,LAX,SEA,2026-11-06,2026-11-07,42,main,13:18,322
2026-09-25T18:07:38Z,LAX,SEA,2026-11-06,2026-11-07,42,main,15:03,337
2026-09-25T18:07:38Z,LAX,SEA,2026-11-06,2026-11-07,42,main,18:18,322
2026-09-25T18:07:38Z,LAX,SEA,2026-11-06,2026-11-07,42,main,19:46,322
2026-09-25T18:07:38Z,LAX,SEA,2026-11-06,2026-11-07,42,main,20:45,322
2026-09-25T22:53:55Z,BUR,SEA,2026-11-06,2026-11-07,42,any,07:03,287
2026-09-25T22:53:55Z,BUR,SEA,2026-11-06,2026-11-07,42,any,10:00,367
2026-09-25T22:53:55Z,BUR,SEA,2026-11-06,2026-11-07,42,any,14:32,287
2026-09-25T22:53:55Z,BUR,SEA,2026-11-06,2026-11-07,42,any,18:09,287
2026-09-25T22:53:55Z,BUR,SEA,2026-11-06,2026-11-07,42,main,07:03,367
2026-09-25T22:53:55Z,BUR,SEA,2026-11-06,2026-11-07,42,main,10:00,457
2026-09-25T22:53:55Z,BUR,SEA,2026-11-06,2026-11-07,42,main,14:32,367
2026-09-25T22:53:55Z,BUR,SEA,2026-11-06,2026-11-07,42,main,18:09,367
2026-09-25T22:53:55Z,LAX,SEA,2026-11-06,2026-11-07,42,any,08:00,257
2026-09-25T22:53:55Z,LAX,SEA,2026-11-06,2026-11-07,42,any,09:12,257
2026-09-25T22:53:55Z,LAX,SEA,2026-11-06,2026-11-07,42,any,12:05,237
2026-09-25T22:53:55Z,LAX,SEA,2026-11-06,2026-11-07,42,any,13:18,237
2026-09-25T22:53:55Z,LAX,SEA,2026-11-06,2026-11-07,42,any,15:03,237
2026-09-25T22:53:55Z,LAX,SEA,2026-11-06,2026-11-07,42,any,18:18,237
2026-09-25T22:53:55Z,LAX,SEA,2026-11-06,2026-11-07,42,any,19:46,237
2026-09-25T22:53:55Z,LAX,SEA,2026-11-06,2026-11-07,42,any,20:45,237
2026-09-25T22:53:55Z,LAX,SEA,2026-11-06,2026-11-07,42,main,08:00,337
2026-09-25T22:53:55Z,LAX,SEA,2026-11-06,2026-11-07,42,main,09:12,337
2026-09-25T22:53:55Z,LAX,SEA,2026-11-06,2026-11-07,42,main,12:05,322
2026-09-25T22:53:55Z,LAX,SEA,2026-11-06,2026-11-07,42,main,13:18,322
2026-09-25T22:53:55Z,LAX,SEA,2026-11-06,2026-11-07,42,main,15:03,322
2026-09-25T22:53:55Z,LAX,SEA,2026-11-06,2026-11-07,42,main,18:18,322
2026-09-25T22:53:55Z,LAX,SEA,2026-11-06,2026-11-07,42,main,19:46,322
2026-09-25T22:53:55Z,LAX,SEA,2026-11-06,2026-11-07,42,main,20:45,322
2026-09-26T07:20:57Z,BUR,SEA,2026-11-06,2026-11-07,41,any,07:03,287
2026-09-26T07:20:57Z,BUR,SEA,2026-11-06,2026-11-07,41,any,10:00,367
2026-09-26T07:20:57Z,BUR,SEA,2026-11-06,2026-11-07,41,any,14:32,287
2026-09-26T07:20:57Z,BUR,SEA,2026-11-06,2026-11-07,41,any,18:09,287
2026-09-26T07:20:57Z,BUR,SEA,2026-11-06,2026-11-07,41,main,07:03,367
2026-09-26T07:20:57Z,BUR,SEA,2026-11-06,2026-11-07,41,main,10:00,457
2026-09-26T07:20:57Z,BUR,SEA,2026-11-06,2026-11-07,41,main,14:32,367
2026-09-26T07:20:57Z,BUR,SEA,2026-11-06,2026-11-07,41,main,18:09,367
2026-09-26T07:20:57Z,LAX,SEA,2026-11-06,2026-11-07,41,any,08:00,257
2026-09-26T07:20:57Z,LAX,SEA,2026-11-06,2026-11-07,41,any,09:12,257
2026-09-26T07:20:57Z,LAX,SEA,2026-11-06,2026-11-07,41,any,12:05,237
2026-09-26T07:20:57Z,LAX,SEA,2026-11-06,2026-11-07,41,any,13:18,237
2026-09-26T07:20:57Z,LAX,SEA,2026-11-06,2026-11-07,41,any,15:03,237
2026-09-26T07:20:57Z,LAX,SEA,2026-11-06,2026-11-07,41,any,18:18,237
2026-09-26T07:20:57Z,LAX,SEA,2026-11-06,2026-11-07,41,any,19:46,237
2026-09-26T07:20:57Z,LAX,SEA,2026-11-06,2026-11-07,41,any,20:45,237
2026-09-26T07:20:57Z,LAX,SEA,2026-11-06,2026-11-07,41,main,08:00,337
2026-09-26T07:20:57Z,LAX,SEA,2026-11-06,2026-11-07,41,main,09:12,337
2026-09-26T07:20:57Z,LAX,SEA,2026-11-06,2026-11-07,41,main,12:05,322
2026-09-26T07:20:57Z,LAX,SEA,2026-11-06,2026-11-07,41,main,13:18,322
2026-09-26T07:20:57Z,LAX,SEA,2026-11-06,2026-11-07,41,main,15:03,322
2026-09-26T07:20:57Z,LAX,SEA,2026-11-06,2026-11-07,41,main,18:18,322
2026-09-26T07:20:57Z,LAX,SEA,2026-11-06,2026-11-07,41,main,19:46,322
2026-09-26T07:20:57Z,LAX,SEA,2026-11-06,2026-11-07,41,main,20:45,322
2026-09-26T17:27:15Z,BUR,SEA,2026-11-06,2026-11-07,41,any,07:03,287
2026-09-26T17:27:15Z,BUR,SEA,2026-11-06,2026-11-07,41,any,10:00,367
2026-09-26T17:27:15Z,BUR,SEA,2026-11-06,2026-11-07,41,any,14:32,287
2026-09-26T17:27:15Z,BUR,SEA,2026-11-06,2026-11-07,41,any,18:09,287
2026-09-26T17:27:15Z,BUR,SEA,2026-11-06,2026-11-07,41,main,07:03,367
2026-09-26T17:27:15Z,BUR,SEA,2026-11-06,2026-11-07,41,main,10:00,457
2026-09-26T17:27:15Z,BUR,SEA,2026-11-06,2026-11-07,41,main,14:32,367
2026-09-26T17:27:15Z,BUR,SEA,2026-11-06,2026-11-07,41,main,18:09,367
2026-09-26T17:27:15Z,LAX,SEA,2026-11-06,2026-11-07,41,any,08:00,257
2026-09-26T17:27:15Z,LAX,SEA,2026-11-06,2026-11-07,41,any,09:12,257
2026-09-26T17:27:15Z,LAX,SEA,2026-11-06,2026-11-07,41,any,12:05,237
2026-09-26T17:27:15Z,LAX,SEA,2026-11-06,2026-11-07,41,any,13:18,237
2026-09-26T17:27:15Z,LAX,SEA,2026-11-06,2026-11-07,41,any,15:03,237
2026-09-26T17:27:15Z,LAX,SEA,2026-11-06,2026-11-07,41,any,18:18,237
2026-09-26T17:27:15Z,LAX,SEA,2026-11-06,2026-11-07,41,any,19:46,237
2026-09-26T17:27:15Z,LAX,SEA,2026-11-06,2026-11-07,41,any,20:45,237
2026-09-26T17:27:15Z,LAX,SEA,2026-11-06,2026-11-07,41,main,08:00,337
2026-09-26T17:27:15Z,LAX,SEA,2026-11-06,2026-11-07,41,main,09:12,337
2026-09-26T17:27:15Z,LAX,SEA,2026-11-06,2026-11-07,41,main,12:05,322
2026-09-26T17:27:15Z,LAX,SEA,2026-11-06,2026-11-07,41,main,13:18,322
2026-09-26T17:27:15Z,LAX,SEA,2026-11-06,2026-11-07,41,main,15:03,322
2026-09-26T17:27:15Z,LAX,SEA,2026-11-06,2026-11-07,41,main,18:18,322
2026-09-26T17:27:15Z,LAX,SEA,2026-11-06,2026-11-07,41,main,19:46,322
2026-09-26T17:27:15Z,LAX,SEA,2026-11-06,2026-11-07,41,main,20:45,322
2026-09-26T22:14:17Z,BUR,SEA,2026-11-06,2026-11-07,41,any,07:03,287
2026-09-26T22:14:17Z,BUR,SEA,2026-11-06,2026-11-07,41,any,10:00,367
2026-09-26T22:14:17Z,BUR,SEA,2026-11-06,2026-11-07,41,any,14:32,287
2026-09-26T22:14:17Z,BUR,SEA,2026-11-06,2026-11-07,41,any,18:09,287
2026-09-26T22:14:17Z,BUR,SEA,2026-11-06,2026-11-07,41,main,07:03,367
2026-09-26T22:14:17Z,BUR,SEA,2026-11-06,2026-11-07,41,main,10:00,457
2026-09-26T22:14:17Z,BUR,SEA,2026-11-06,2026-11-07,41,main,14:32,367
2026-09-26T22:14:17Z,BUR,SEA,2026-11-06,2026-11-07,41,main,18:09,367
2026-09-26T22:14:17Z,LAX,SEA,2026-11-06,2026-11-07,41,any,08:00,257
2026-09-26T22:14:17Z,LAX,SEA,2026-11-06,2026-11-07,41,any,09:12,257
2026-09-26T22:14:17Z,LAX,SEA,2026-11-06,2026-11-07,41,any,12:05,237
2026-09-26T22:14:17Z,LAX,SEA,2026-11-06,2026-11-07,41,any,13:18,237
2026-09-26T22:14:17Z,LAX,SEA,2026-11-06,2026-11-07,41,any,15:03,257
2026-09-26T22:14:17Z,LAX,SEA,2026-11-06,2026-11-07,41,any,18:18,237
2026-09-26T22:14:17Z,LAX,SEA,2026-11-06,2026-11-07,41,any,19:46,237
2026-09-26T22:14:17Z,LAX,SEA,2026-11-06,2026-11-07,41,any,20:45,237
2026-09-26T22:14:17Z,LAX,SEA,2026-11-06,2026-11-07,41,main,08:00,337
2026-09-26T22:14:17Z,LAX,SEA,2026-11-06,2026-11-07,41,main,09:12,337
2026-09-26T22:14:17Z,LAX,SEA,2026-11-06,2026-11-07,41,main,12:05,322
2026-09-26T22:14:17Z,LAX,SEA,2026-11-06,2026-11-07,41,main,13:18,322
2026-09-26T22:14:17Z,LAX,SEA,2026-11-06,2026-11-07,41,main,15:03,337
2026-09-26T22:14:17Z,LAX,SEA,2026-11-06,2026-11-07,41,main,18:18,322
2026-09-26T22:14:17Z,LAX,SEA,2026-11-06,2026-11-07,41,main,19:46,322
2026-09-26T22:14:17Z,LAX,SEA,2026-11-06,2026-11-07,41,main,20:45,322
2026-09-27T07:52:03Z,BUR,SEA,2026-11-06,2026-11-07,40,any,07:03,287
2026-09-27T07:52:03Z,BUR,SEA,2026-11-06,2026-11-07,40,any,10:00,367
2026-09-27T07:52:03Z,BUR,SEA,2026-11-06,2026-11-07,40,any,14:32,287
2026-09-27T07:52:03Z,BUR,SEA,2026-11-06,2026-11-07,40,any,18:09,287
2026-09-27T07:52:03Z,BUR,SEA,2026-11-06,2026-11-07,40,main,07:03,367
2026-09-27T07:52:03Z,BUR,SEA,2026-11-06,2026-11-07,40,main,10:00,457
2026-09-27T07:52:03Z,BUR,SEA,2026-11-06,2026-11-07,40,main,14:32,367
2026-09-27T07:52:03Z,BUR,SEA,2026-11-06,2026-11-07,40,main,18:09,367
2026-09-27T07:52:03Z,LAX,SEA,2026-11-06,2026-11-07,40,any,08:00,257
2026-09-27T07:52:03Z,LAX,SEA,2026-11-06,2026-11-07,40,any,09:12,257
2026-09-27T07:52:03Z,LAX,SEA,2026-11-06,2026-11-07,40,any,12:05,237
2026-09-27T07:52:03Z,LAX,SEA,2026-11-06,2026-11-07,40,any,13:18,237
2026-09-27T07:52:03Z,LAX,SEA,2026-11-06,2026-11-07,40,any,15:03,237
2026-09-27T07:52:03Z,LAX,SEA,2026-11-06,2026-11-07,40,any,18:18,237
2026-09-27T07:52:03Z,LAX,SEA,2026-11-06,2026-11-07,40,any,19:46,237
2026-09-27T07:52:03Z,LAX,SEA,2026-11-06,2026-11-07,40,any,20:45,237
2026-09-27T07:52:03Z,LAX,SEA,2026-11-06,2026-11-07,40,main,08:00,337
2026-09-27T07:52:03Z,LAX,SEA,2026-11-06,2026-11-07,40,main,09:12,337
2026-09-27T07:52:03Z,LAX,SEA,2026-11-06,2026-11-07,40,main,12:05,322
2026-09-27T07:52:03Z,LAX,SEA,2026-11-06,2026-11-07,40,main,13:18,322
2026-09-27T07:52:03Z,LAX,SEA,2026-11-06,2026-11-07,40,main,15:03,322
2026-09-27T07:52:03Z,LAX,SEA,2026-11-06,2026-11-07,40,main,18:18,322
2026-09-27T07:52:03Z,LAX,SEA,2026-11-06,2026-11-07,40,main,19:46,322
2026-09-27T07:52:03Z,LAX,SEA,2026-11-06,2026-11-07,40,main,20:45,322
2026-09-27T17:58:12Z,BUR,SEA,2026-11-06,2026-11-07,40,any,07:03,287
2026-09-27T17:58:12Z,BUR,SEA,2026-11-06,2026-11-07,40,any,10:00,367
2026-09-27T17:58:12Z,BUR,SEA,2026-11-06,2026-11-07,40,any,14:32,287
2026-09-27T17:58:12Z,BUR,SEA,2026-11-06,2026-11-07,40,any,18:09,287
2026-09-27T17:58:12Z,BUR,SEA,2026-11-06,2026-11-07,40,main,07:03,367
2026-09-27T17:58:12Z,BUR,SEA,2026-11-06,2026-11-07,40,main,10:00,457
2026-09-27T17:58:12Z,BUR,SEA,2026-11-06,2026-11-07,40,main,14:32,367
2026-09-27T17:58:12Z,BUR,SEA,2026-11-06,2026-11-07,40,main,18:09,367
2026-09-27T17:58:12Z,LAX,SEA,2026-11-06,2026-11-07,40,any,08:00,257
2026-09-27T17:58:12Z,LAX,SEA,2026-11-06,2026-11-07,40,any,09:12,257
2026-09-27T17:58:12Z,LAX,SEA,2026-11-06,2026-11-07,40,any,12:05,237
2026-09-27T17:58:12Z,LAX,SEA,2026-11-06,2026-11-07,40,any,13:18,237
2026-09-27T17:58:12Z,LAX,SEA,2026-11-06,2026-11-07,40,any,15:03,237
2026-09-27T17:58:12Z,LAX,SEA,2026-11-06,2026-11-07,40,any,18:18,237
2026-09-27T17:58:12Z,LAX,SEA,2026-11-06,2026-11-07,40,any,19:46,237
2026-09-27T17:58:12Z,LAX,SEA,2026-11-06,2026-11-07,40,any,20:45,237
2026-09-27T17:58:12Z,LAX,SEA,2026-11-06,2026-11-07,40,main,08:00,337
2026-09-27T17:58:12Z,LAX,SEA,2026-11-06,2026-11-07,40,main,09:12,337
2026-09-27T17:58:12Z,LAX,SEA,2026-11-06,2026-11-07,40,main,12:05,322
2026-09-27T17:58:12Z,LAX,SEA,2026-11-06,2026-11-07,40,main,13:18,322
2026-09-27T17:58:12Z,LAX,SEA,2026-11-06,2026-11-07,40,main,15:03,322
2026-09-27T17:58:12Z,LAX,SEA,2026-11-06,2026-11-07,40,main,18:18,322
2026-09-27T17:58:12Z,LAX,SEA,2026-11-06,2026-11-07,40,main,19:46,322
2026-09-27T17:58:12Z,LAX,SEA,2026-11-06,2026-11-07,40,main,20:45,322
2026-09-27T22:38:04Z,BUR,SEA,2026-11-06,2026-11-07,40,any,07:03,287
2026-09-27T22:38:04Z,BUR,SEA,2026-11-06,2026-11-07,40,any,10:00,367
2026-09-27T22:38:04Z,BUR,SEA,2026-11-06,2026-11-07,40,any,14:32,287
2026-09-27T22:38:04Z,BUR,SEA,2026-11-06,2026-11-07,40,any,18:09,287
2026-09-27T22:38:04Z,BUR,SEA,2026-11-06,2026-11-07,40,main,07:03,367
2026-09-27T22:38:04Z,BUR,SEA,2026-11-06,2026-11-07,40,main,10:00,457
2026-09-27T22:38:04Z,BUR,SEA,2026-11-06,2026-11-07,40,main,14:32,367
2026-09-27T22:38:04Z,BUR,SEA,2026-11-06,2026-11-07,40,main,18:09,367
2026-09-27T22:38:04Z,LAX,SEA,2026-11-06,2026-11-07,40,any,08:00,257
2026-09-27T22:38:04Z,LAX,SEA,2026-11-06,2026-11-07,40,any,09:12,257
2026-09-27T22:38:04Z,LAX,SEA,2026-11-06,2026-11-07,40,any,12:05,237
2026-09-27T22:38:04Z,LAX,SEA,2026-11-06,2026-11-07,40,any,13:18,237
2026-09-27T22:38:04Z,LAX,SEA,2026-11-06,2026-11-07,40,any,15:03,237
2026-09-27T22:38:04Z,LAX,SEA,2026-11-06,2026-11-07,40,any,18:18,237
2026-09-27T22:38:04Z,LAX,SEA,2026-11-06,2026-11-07,40,any,19:46,237
2026-09-27T22:38:04Z,LAX,SEA,2026-11-06,2026-11-07,40,any,20:45,237
2026-09-27T22:38:04Z,LAX,SEA,2026-11-06,2026-11-07,40,main,08:00,337
2026-09-27T22:38:04Z,LAX,SEA,2026-11-06,2026-11-07,40,main,09:12,337
2026-09-27T22:38:04Z,LAX,SEA,2026-11-06,2026-11-07,40,main,12:05,322
2026-09-27T22:38:04Z,LAX,SEA,2026-11-06,2026-11-07,40,main,13:18,322
2026-09-27T22:38:04Z,LAX,SEA,2026-11-06,2026-11-07,40,main,15:03,322
2026-09-27T22:38:04Z,LAX,SEA,2026-11-06,2026-11-07,40,main,18:18,322
2026-09-27T22:38:04Z,LAX,SEA,2026-11-06,2026-11-07,40,main,19:46,322
2026-09-27T22:38:04Z,LAX,SEA,2026-11-06,2026-11-07,40,main,20:45,322
2026-09-28T08:28:26Z,BUR,SEA,2026-11-06,2026-11-07,39,any,07:03,287
2026-09-28T08:28:26Z,BUR,SEA,2026-11-06,2026-11-07,39,any,10:00,367
2026-09-28T08:28:26Z,BUR,SEA,2026-11-06,2026-11-07,39,any,14:32,287
2026-09-28T08:28:26Z,BUR,SEA,2026-11-06,2026-11-07,39,any,18:09,287
2026-09-28T08:28:26Z,BUR,SEA,2026-11-06,2026-11-07,39,main,07:03,367
2026-09-28T08:28:26Z,BUR,SEA,2026-11-06,2026-11-07,39,main,10:00,457
2026-09-28T08:28:26Z,BUR,SEA,2026-11-06,2026-11-07,39,main,14:32,367
2026-09-28T08:28:26Z,BUR,SEA,2026-11-06,2026-11-07,39,main,18:09,367
2026-09-28T08:28:26Z,LAX,SEA,2026-11-06,2026-11-07,39,any,08:00,257
2026-09-28T08:28:26Z,LAX,SEA,2026-11-06,2026-11-07,39,any,09:12,257
2026-09-28T08:28:26Z,LAX,SEA,2026-11-06,2026-11-07,39,any,12:05,237
2026-09-28T08:28:26Z,LAX,SEA,2026-11-06,2026-11-07,39,any,13:18,237
2026-09-28T08:28:26Z,LAX,SEA,2026-11-06,2026-11-07,39,any,15:03,237
2026-09-28T08:28:26Z,LAX,SEA,2026-11-06,2026-11-07,39,any,18:18,237
2026-09-28T08:28:26Z,LAX,SEA,2026-11-06,2026-11-07,39,any,19:46,237
2026-09-28T08:28:26Z,LAX,SEA,2026-11-06,2026-11-07,39,any,20:45,237
2026-09-28T08:28:26Z,LAX,SEA,2026-11-06,2026-11-07,39,main,08:00,337
2026-09-28T08:28:26Z,LAX,SEA,2026-11-06,2026-11-07,39,main,09:12,337
2026-09-28T08:28:26Z,LAX,SEA,2026-11-06,2026-11-07,39,main,12:05,322
2026-09-28T08:28:26Z,LAX,SEA,2026-11-06,2026-11-07,39,main,13:18,322
2026-09-28T08:28:26Z,LAX,SEA,2026-11-06,2026-11-07,39,main,15:03,322
2026-09-28T08:28:26Z,LAX,SEA,2026-11-06,2026-11-07,39,main,18:18,322
2026-09-28T08:28:26Z,LAX,SEA,2026-11-06,2026-11-07,39,main,19:46,322
2026-09-28T08:28:26Z,LAX,SEA,2026-11-06,2026-11-07,39,main,20:45,322
2026-09-28T20:18:09Z,BUR,SEA,2026-11-06,2026-11-07,39,any,07:03,287
2026-09-28T20:18:09Z,BUR,SEA,2026-11-06,2026-11-07,39,any,10:00,367
2026-09-28T20:18:09Z,BUR,SEA,2026-11-06,2026-11-07,39,any,14:32,287
2026-09-28T20:18:09Z,BUR,SEA,2026-11-06,2026-11-07,39,any,18:09,287
2026-09-28T20:18:09Z,BUR,SEA,2026-11-06,2026-11-07,39,main,07:03,367
2026-09-28T20:18:09Z,BUR,SEA,2026-11-06,2026-11-07,39,main,10:00,457
2026-09-28T20:18:09Z,BUR,SEA,2026-11-06,2026-11-07,39,main,14:32,367
2026-09-28T20:18:09Z,BUR,SEA,2026-11-06,2026-11-07,39,main,18:09,367
2026-09-28T20:18:09Z,LAX,SEA,2026-11-06,2026-11-07,39,any,09:12,257
2026-09-28T20:18:09Z,LAX,SEA,2026-11-06,2026-11-07,39,any,12:05,237
2026-09-28T20:18:09Z,LAX,SEA,2026-11-06,2026-11-07,39,any,13:18,237
2026-09-28T20:18:09Z,LAX,SEA,2026-11-06,2026-11-07,39,any,15:03,237
2026-09-28T20:18:09Z,LAX,SEA,2026-11-06,2026-11-07,39,any,18:18,237
2026-09-28T20:18:09Z,LAX,SEA,2026-11-06,2026-11-07,39,any,19:46,237
2026-09-28T20:18:09Z,LAX,SEA,2026-11-06,2026-11-07,39,any,20:45,237
2026-09-28T20:18:09Z,LAX,SEA,2026-11-06,2026-11-07,39,main,09:12,337
2026-09-28T20:18:09Z,LAX,SEA,2026-11-06,2026-11-07,39,main,12:05,322
2026-09-28T20:18:09Z,LAX,SEA,2026-11-06,2026-11-07,39,main,13:18,322
2026-09-28T20:18:09Z,LAX,SEA,2026-11-06,2026-11-07,39,main,15:03,322
2026-09-28T20:18:09Z,LAX,SEA,2026-11-06,2026-11-07,39,main,18:18,322
2026-09-28T20:18:09Z,LAX,SEA,2026-11-06,2026-11-07,39,main,19:46,322
2026-09-28T20:18:09Z,LAX,SEA,2026-11-06,2026-11-07,39,main,20:45,322
2026-09-29T00:01:25Z,BUR,SEA,2026-11-06,2026-11-07,39,any,07:03,287
2026-09-29T00:01:25Z,BUR,SEA,2026-11-06,2026-11-07,39,any,10:00,367
2026-09-29T00:01:25Z,BUR,SEA,2026-11-06,2026-11-07,39,any,14:32,287
2026-09-29T00:01:25Z,BUR,SEA,2026-11-06,2026-11-07,39,any,18:09,287
2026-09-29T00:01:25Z,BUR,SEA,2026-11-06,2026-11-07,39,main,07:03,367
2026-09-29T00:01:25Z,BUR,SEA,2026-11-06,2026-11-07,39,main,10:00,457
2026-09-29T00:01:25Z,BUR,SEA,2026-11-06,2026-11-07,39,main,14:32,367
2026-09-29T00:01:25Z,BUR,SEA,2026-11-06,2026-11-07,39,main,18:09,367
2026-09-29T00:01:25Z,LAX,SEA,2026-11-06,2026-11-07,39,any,09:12,257
2026-09-29T00:01:25Z,LAX,SEA,2026-11-06,2026-11-07,39,any,12:05,237
2026-09-29T00:01:25Z,LAX,SEA,2026-11-06,2026-11-07,39,any,13:18,237
2026-09-29T00:01:25Z,LAX,SEA,2026-11-06,2026-11-07,39,any,15:03,237
2026-09-29T00:01:25Z,LAX,SEA,2026-11-06,2026-11-07,39,any,18:18,237
2026-09-29T00:01:25Z,LAX,SEA,2026-11-06,2026-11-07,39,any,19:46,237
2026-09-29T00:01:25Z,LAX,SEA,2026-11-06,2026-11-07,39,any,20:45,237
2026-09-29T00:01:25Z,LAX,SEA,2026-11-06,2026-11-07,39,main,09:12,337
2026-09-29T00:01:25Z,LAX,SEA,2026-11-06,2026-11-07,39,main,12:05,322
2026-09-29T00:01:25Z,LAX,SEA,2026-11-06,2026-11-07,39,main,13:18,322
2026-09-29T00:01:25Z,LAX,SEA,2026-11-06,2026-11-07,39,main,15:03,322
2026-09-29T00:01:25Z,LAX,SEA,2026-11-06,2026-11-07,39,main,18:18,322
2026-09-29T00:01:25Z,LAX,SEA,2026-11-06,2026-11-07,39,main,19:46,322
2026-09-29T00:01:25Z,LAX,SEA,2026-11-06,2026-11-07,39,main,20:45,322
2026-09-29T08:10:12Z,BUR,SEA,2026-11-06,2026-11-07,38,any,07:03,287
2026-09-29T08:10:12Z,BUR,SEA,2026-11-06,2026-11-07,38,any,10:00,367
2026-09-29T08:10:12Z,BUR,SEA,2026-11-06,2026-11-07,38,any,14:32,287
2026-09-29T08:10:12Z,BUR,SEA,2026-11-06,2026-11-07,38,any,18:09,287
2026-09-29T08:10:12Z,BUR,SEA,2026-11-06,2026-11-07,38,main,07:03,367
2026-09-29T08:10:12Z,BUR,SEA,2026-11-06,2026-11-07,38,main,10:00,457
2026-09-29T08:10:12Z,BUR,SEA,2026-11-06,2026-11-07,38,main,14:32,367
2026-09-29T08:10:12Z,BUR,SEA,2026-11-06,2026-11-07,38,main,18:09,367
2026-09-29T08:10:12Z,LAX,SEA,2026-11-06,2026-11-07,38,any,09:12,257
2026-09-29T08:10:12Z,LAX,SEA,2026-11-06,2026-11-07,38,any,12:05,237
2026-09-29T08:10:12Z,LAX,SEA,2026-11-06,2026-11-07,38,any,13:18,237
2026-09-29T08:10:12Z,LAX,SEA,2026-11-06,2026-11-07,38,any,15:03,237
2026-09-29T08:10:12Z,LAX,SEA,2026-11-06,2026-11-07,38,any,18:18,237
2026-09-29T08:10:12Z,LAX,SEA,2026-11-06,2026-11-07,38,any,19:46,237
2026-09-29T08:10:12Z,LAX,SEA,2026-11-06,2026-11-07,38,any,20:45,237
2026-09-29T08:10:12Z,LAX,SEA,2026-11-06,2026-11-07,38,main,09:12,337
2026-09-29T08:10:12Z,LAX,SEA,2026-11-06,2026-11-07,38,main,12:05,322
2026-09-29T08:10:12Z,LAX,SEA,2026-11-06,2026-11-07,38,main,13:18,322
2026-09-29T08:10:12Z,LAX,SEA,2026-11-06,2026-11-07,38,main,15:03,322
2026-09-29T08:10:12Z,LAX,SEA,2026-11-06,2026-11-07,38,main,18:18,322
2026-09-29T08:10:12Z,LAX,SEA,2026-11-06,2026-11-07,38,main,19:46,322
2026-09-29T08:10:12Z,LAX,SEA,2026-11-06,2026-11-07,38,main,20:45,322
2026-09-29T18:57:47Z,BUR,SEA,2026-11-06,2026-11-07,38,any,07:03,287
2026-09-29T18:57:47Z,BUR,SEA,2026-11-06,2026-11-07,38,any,10:00,367
2026-09-29T18:57:47Z,BUR,SEA,2026-11-06,2026-11-07,38,any,14:32,287
2026-09-29T18:57:47Z,BUR,SEA,2026-11-06,2026-11-07,38,any,18:09,287
2026-09-29T18:57:47Z,BUR,SEA,2026-11-06,2026-11-07,38,main,07:03,367
2026-09-29T18:57:47Z,BUR,SEA,2026-11-06,2026-11-07,38,main,10:00,457
2026-09-29T18:57:47Z,BUR,SEA,2026-11-06,2026-11-07,38,main,14:32,367
2026-09-29T18:57:47Z,BUR,SEA,2026-11-06,2026-11-07,38,main,18:09,367
2026-09-29T18:57:47Z,LAX,SEA,2026-11-06,2026-11-07,38,any,09:12,257
2026-09-29T18:57:47Z,LAX,SEA,2026-11-06,2026-11-07,38,any,12:05,237
2026-09-29T18:57:47Z,LAX,SEA,2026-11-06,2026-11-07,38,any,13:18,237
2026-09-29T18:57:47Z,LAX,SEA,2026-11-06,2026-11-07,38,any,15:03,237
2026-09-29T18:57:47Z,LAX,SEA,2026-11-06,2026-11-07,38,any,18:18,237
2026-09-29T18:57:47Z,LAX,SEA,2026-11-06,2026-11-07,38,any,19:46,237
2026-09-29T18:57:47Z,LAX,SEA,2026-11-06,2026-11-07,38,any,20:45,237
2026-09-29T18:57:47Z,LAX,SEA,2026-11-06,2026-11-07,38,main,09:12,337
2026-09-29T18:57:47Z,LAX,SEA,2026-11-06,2026-11-07,38,main,12:05,322
2026-09-29T18:57:47Z,LAX,SEA,2026-11-06,2026-11-07,38,main,13:18,322
2026-09-29T18:57:47Z,LAX,SEA,2026-11-06,2026-11-07,38,main,15:03,322
2026-09-29T18:57:47Z,LAX,SEA,2026-11-06,2026-11-07,38,main,18:18,322
2026-09-29T18:57:47Z,LAX,SEA,2026-11-06,2026-11-07,38,main,19:46,322
2026-09-29T18:57:47Z,LAX,SEA,2026-11-06,2026-11-07,38,main,20:45,322
2026-09-29T23:15:20Z,BUR,SEA,2026-11-06,2026-11-07,38,any,07:03,287
2026-09-29T23:15:20Z,BUR,SEA,2026-11-06,2026-11-07,38,any,10:00,367
2026-09-29T23:15:20Z,BUR,SEA,2026-11-06,2026-11-07,38,any,14:32,287
2026-09-29T23:15:20Z,BUR,SEA,2026-11-06,2026-11-07,38,any,18:09,287
2026-09-29T23:15:20Z,BUR,SEA,2026-11-06,2026-11-07,38,main,07:03,367
2026-09-29T23:15:20Z,BUR,SEA,2026-11-06,2026-11-07,38,main,10:00,457
2026-09-29T23:15:20Z,BUR,SEA,2026-11-06,2026-11-07,38,main,14:32,367
2026-09-29T23:15:20Z,BUR,SEA,2026-11-06,2026-11-07,38,main,18:09,367
2026-09-29T23:15:20Z,LAX,SEA,2026-11-06,2026-11-07,38,any,09:12,257
2026-09-29T23:15:20Z,LAX,SEA,2026-11-06,2026-11-07,38,any,12:05,237
2026-09-29T23:15:20Z,LAX,SEA,2026-11-06,2026-11-07,38,any,13:18,237
2026-09-29T23:15:20Z,LAX,SEA,2026-11-06,2026-11-07,38,any,15:03,237
2026-09-29T23:15:20Z,LAX,SEA,2026-11-06,2026-11-07,38,any,18:18,237
2026-09-29T23:15:20Z,LAX,SEA,2026-11-06,2026-11-07,38,any,19:46,237
2026-09-29T23:15:20Z,LAX,SEA,2026-11-06,2026-11-07,38,any,20:45,237
2026-09-29T23:15:20Z,LAX,SEA,2026-11-06,2026-11-07,38,main,09:12,337
2026-09-29T23:15:20Z,LAX,SEA,2026-11-06,2026-11-07,38,main,12:05,322
2026-09-29T23:15:20Z,LAX,SEA,2026-11-06,2026-11-07,38,main,13:18,322
2026-09-29T23:15:20Z,LAX,SEA,2026-11-06,2026-11-07,38,main,15:03,322
2026-09-29T23:15:20Z,LAX,SEA,2026-11-06,2026-11-07,38,main,18:18,322
2026-09-29T23:15:20Z,LAX,SEA,2026-11-06,2026-11-07,38,main,19:46,322
2026-09-29T23:15:20Z,LAX,SEA,2026-11-06,2026-11-07,38,main,20:45,322
2026-09-30T08:13:44Z,BUR,SEA,2026-11-06,2026-11-07,37,any,07:03,327
2026-09-30T08:13:44Z,BUR,SEA,2026-11-06,2026-11-07,37,any,10:00,367
2026-09-30T08:13:44Z,BUR,SEA,2026-11-06,2026-11-07,37,any,14:32,287
2026-09-30T08:13:44Z,BUR,SEA,2026-11-06,2026-11-07,37,any,18:09,287
2026-09-30T08:13:44Z,BUR,SEA,2026-11-06,2026-11-07,37,main,07:03,417
2026-09-30T08:13:44Z,BUR,SEA,2026-11-06,2026-11-07,37,main,10:00,457
2026-09-30T08:13:44Z,BUR,SEA,2026-11-06,2026-11-07,37,main,14:32,367
2026-09-30T08:13:44Z,BUR,SEA,2026-11-06,2026-11-07,37,main,18:09,367
2026-09-30T08:13:44Z,LAX,SEA,2026-11-06,2026-11-07,37,any,09:12,257
2026-09-30T08:13:44Z,LAX,SEA,2026-11-06,2026-11-07,37,any,12:05,237
2026-09-30T08:13:44Z,LAX,SEA,2026-11-06,2026-11-07,37,any,13:18,237
2026-09-30T08:13:44Z,LAX,SEA,2026-11-06,2026-11-07,37,any,15:03,237
2026-09-30T08:13:44Z,LAX,SEA,2026-11-06,2026-11-07,37,any,18:18,237
2026-09-30T08:13:44Z,LAX,SEA,2026-11-06,2026-11-07,37,any,19:46,237
2026-09-30T08:13:44Z,LAX,SEA,2026-11-06,2026-11-07,37,any,20:45,237
2026-09-30T08:13:44Z,LAX,SEA,2026-11-06,2026-11-07,37,main,09:12,337
2026-09-30T08:13:44Z,LAX,SEA,2026-11-06,2026-11-07,37,main,12:05,322
2026-09-30T08:13:44Z,LAX,SEA,2026-11-06,2026-11-07,37,main,13:18,322
2026-09-30T08:13:44Z,LAX,SEA,2026-11-06,2026-11-07,37,main,15:03,322
2026-09-30T08:13:44Z,LAX,SEA,2026-11-06,2026-11-07,37,main,18:18,322
2026-09-30T08:13:44Z,LAX,SEA,2026-11-06,2026-11-07,37,main,19:46,322
2026-09-30T08:13:44Z,LAX,SEA,2026-11-06,2026-11-07,37,main,20:45,322
2026-09-30T18:39:11Z,BUR,SEA,2026-11-06,2026-11-07,37,any,07:03,327
2026-09-30T18:39:11Z,BUR,SEA,2026-11-06,2026-11-07,37,any,10:00,367
2026-09-30T18:39:11Z,BUR,SEA,2026-11-06,2026-11-07,37,any,14:32,287
2026-09-30T18:39:11Z,BUR,SEA,2026-11-06,2026-11-07,37,any,18:09,287
2026-09-30T18:39:11Z,BUR,SEA,2026-11-06,2026-11-07,37,main,07:03,417
2026-09-30T18:39:11Z,BUR,SEA,2026-11-06,2026-11-07,37,main,10:00,457
2026-09-30T18:39:11Z,BUR,SEA,2026-11-06,2026-11-07,37,main,14:32,367
2026-09-30T18:39:11Z,BUR,SEA,2026-11-06,2026-11-07,37,main,18:09,367
2026-09-30T18:39:11Z,LAX,SEA,2026-11-06,2026-11-07,37,any,08:00,257
2026-09-30T18:39:11Z,LAX,SEA,2026-11-06,2026-11-07,37,any,09:12,257
2026-09-30T18:39:11Z,LAX,SEA,2026-11-06,2026-11-07,37,any,10:00,247
2026-09-30T18:39:11Z,LAX,SEA,2026-11-06,2026-11-07,37,any,12:05,237
2026-09-30T18:39:11Z,LAX,SEA,2026-11-06,2026-11-07,37,any,15:03,237
2026-09-30T18:39:11Z,LAX,SEA,2026-11-06,2026-11-07,37,any,18:18,237
2026-09-30T18:39:11Z,LAX,SEA,2026-11-06,2026-11-07,37,any,19:46,237
2026-09-30T18:39:11Z,LAX,SEA,2026-11-06,2026-11-07,37,any,20:45,237
2026-09-30T18:39:11Z,LAX,SEA,2026-11-06,2026-11-07,37,main,08:00,337
2026-09-30T18:39:11Z,LAX,SEA,2026-11-06,2026-11-07,37,main,10:00,337
2026-09-30T18:39:11Z,LAX,SEA,2026-11-06,2026-11-07,37,main,12:05,322
2026-09-30T18:39:11Z,LAX,SEA,2026-11-06,2026-11-07,37,main,13:18,322
2026-09-30T18:39:11Z,LAX,SEA,2026-11-06,2026-11-07,37,main,15:03,322
2026-09-30T18:39:11Z,LAX,SEA,2026-11-06,2026-11-07,37,main,18:18,322
2026-09-30T18:39:11Z,LAX,SEA,2026-11-06,2026-11-07,37,main,19:46,322
2026-09-30T18:39:11Z,LAX,SEA,2026-11-06,2026-11-07,37,main,20:45,322
2026-09-30T23:16:48Z,BUR,SEA,2026-11-06,2026-11-07,37,any,07:03,287
2026-09-30T23:16:48Z,BUR,SEA,2026-11-06,2026-11-07,37,any,10:00,367
2026-09-30T23:16:48Z,BUR,SEA,2026-11-06,2026-11-07,37,any,14:32,287
2026-09-30T23:16:48Z,BUR,SEA,2026-11-06,2026-11-07,37,any,18:09,287
2026-09-30T23:16:48Z,BUR,SEA,2026-11-06,2026-11-07,37,main,07:03,367
2026-09-30T23:16:48Z,BUR,SEA,2026-11-06,2026-11-07,37,main,10:00,457
2026-09-30T23:16:48Z,BUR,SEA,2026-11-06,2026-11-07,37,main,14:32,367
2026-09-30T23:16:48Z,BUR,SEA,2026-11-06,2026-11-07,37,main,18:09,367
2026-09-30T23:16:48Z,LAX,SEA,2026-11-06,2026-11-07,37,any,08:00,247
2026-09-30T23:16:48Z,LAX,SEA,2026-11-06,2026-11-07,37,any,10:00,247
2026-09-30T23:16:48Z,LAX,SEA,2026-11-06,2026-11-07,37,any,12:05,237
2026-09-30T23:16:48Z,LAX,SEA,2026-11-06,2026-11-07,37,any,13:18,237
2026-09-30T23:16:48Z,LAX,SEA,2026-11-06,2026-11-07,37,any,15:03,237
2026-09-30T23:16:48Z,LAX,SEA,2026-11-06,2026-11-07,37,any,18:18,237
2026-09-30T23:16:48Z,LAX,SEA,2026-11-06,2026-11-07,37,any,19:46,237
2026-09-30T23:16:48Z,LAX,SEA,2026-11-06,2026-11-07,37,any,20:45,237
2026-09-30T23:16:48Z,LAX,SEA,2026-11-06,2026-11-07,37,main,08:00,337
2026-09-30T23:16:48Z,LAX,SEA,2026-11-06,2026-11-07,37,main,10:00,337
2026-09-30T23:16:48Z,LAX,SEA,2026-11-06,2026-11-07,37,main,12:05,322
2026-09-30T23:16:48Z,LAX,SEA,2026-11-06,2026-11-07,37,main,13:18,322
2026-09-30T23:16:48Z,LAX,SEA,2026-11-06,2026-11-07,37,main,15:03,322
2026-09-30T23:16:48Z,LAX,SEA,2026-11-06,2026-11-07,37,main,18:18,322
2026-09-30T23:16:48Z,LAX,SEA,2026-11-06,2026-11-07,37,main,19:46,322
2026-09-30T23:16:48Z,LAX,SEA,2026-11-06,2026-11-07,37,main,20:45,322
2026-10-01T08:36:36Z,BUR,SEA,2026-11-06,2026-11-07,36,any,07:03,327
2026-10-01T08:36:36Z,BUR,SEA,2026-11-06,2026-11-07,36,any,10:00,367
2026-10-01T08:36:36Z,BUR,SEA,2026-11-06,2026-11-07,36,any,14:32,287
2026-10-01T08:36:36Z,BUR,SEA,2026-11-06,2026-11-07,36,any,18:09,287
2026-10-01T08:36:36Z,BUR,SEA,2026-11-06,2026-11-07,36,main,07:03,417
2026-10-01T08:36:36Z,BUR,SEA,2026-11-06,2026-11-07,36,main,10:00,457
2026-10-01T08:36:36Z,BUR,SEA,2026-11-06,2026-11-07,36,main,14:32,367
2026-10-01T08:36:36Z,BUR,SEA,2026-11-06,2026-11-07,36,main,18:09,367
2026-10-01T08:36:36Z,LAX,SEA,2026-11-06,2026-11-07,36,any,08:00,257
2026-10-01T08:36:36Z,LAX,SEA,2026-11-06,2026-11-07,36,any,09:12,257
2026-10-01T08:36:36Z,LAX,SEA,2026-11-06,2026-11-07,36,any,10:00,257
2026-10-01T08:36:36Z,LAX,SEA,2026-11-06,2026-11-07,36,any,12:05,237
2026-10-01T08:36:36Z,LAX,SEA,2026-11-06,2026-11-07,36,any,15:03,237
2026-10-01T08:36:36Z,LAX,SEA,2026-11-06,2026-11-07,36,any,18:18,237
2026-10-01T08:36:36Z,LAX,SEA,2026-11-06,2026-11-07,36,any,19:46,237
2026-10-01T08:36:36Z,LAX,SEA,2026-11-06,2026-11-07,36,any,20:45,237
2026-10-01T08:36:36Z,LAX,SEA,2026-11-06,2026-11-07,36,main,08:00,337
2026-10-01T08:36:36Z,LAX,SEA,2026-11-06,2026-11-07,36,main,10:00,337
2026-10-01T08:36:36Z,LAX,SEA,2026-11-06,2026-11-07,36,main,12:05,322
2026-10-01T08:36:36Z,LAX,SEA,2026-11-06,2026-11-07,36,main,13:18,322
2026-10-01T08:36:36Z,LAX,SEA,2026-11-06,2026-11-07,36,main,15:03,322
2026-10-01T08:36:36Z,LAX,SEA,2026-11-06,2026-11-07,36,main,18:18,322
2026-10-01T08:36:36Z,LAX,SEA,2026-11-06,2026-11-07,36,main,19:46,322
2026-10-01T08:36:36Z,LAX,SEA,2026-11-06,2026-11-07,36,main,20:45,322
2026-10-01T19:06:33Z,BUR,SEA,2026-11-06,2026-11-07,36,any,07:03,327
2026-10-01T19:06:33Z,BUR,SEA,2026-11-06,2026-11-07,36,any,10:00,367
2026-10-01T19:06:33Z,BUR,SEA,2026-11-06,2026-11-07,36,any,14:32,287
2026-10-01T19:06:33Z,BUR,SEA,2026-11-06,2026-11-07,36,any,18:09,287
2026-10-01T19:06:33Z,BUR,SEA,2026-11-06,2026-11-07,36,main,07:03,417
2026-10-01T19:06:33Z,BUR,SEA,2026-11-06,2026-11-07,36,main,10:00,457
2026-10-01T19:06:33Z,BUR,SEA,2026-11-06,2026-11-07,36,main,14:32,367
2026-10-01T19:06:33Z,BUR,SEA,2026-11-06,2026-11-07,36,main,18:09,367
2026-10-01T19:06:33Z,LAX,SEA,2026-11-06,2026-11-07,36,any,09:12,257
2026-10-01T19:06:33Z,LAX,SEA,2026-11-06,2026-11-07,36,any,10:00,257
2026-10-01T19:06:33Z,LAX,SEA,2026-11-06,2026-11-07,36,any,12:05,237
2026-10-01T19:06:33Z,LAX,SEA,2026-11-06,2026-11-07,36,any,13:18,237
2026-10-01T19:06:33Z,LAX,SEA,2026-11-06,2026-11-07,36,any,15:03,237
2026-10-01T19:06:33Z,LAX,SEA,2026-11-06,2026-11-07,36,any,18:18,237
2026-10-01T19:06:33Z,LAX,SEA,2026-11-06,2026-11-07,36,any,19:46,237
2026-10-01T19:06:33Z,LAX,SEA,2026-11-06,2026-11-07,36,any,20:45,237
2026-10-01T19:06:33Z,LAX,SEA,2026-11-06,2026-11-07,36,main,09:12,337
2026-10-01T19:06:33Z,LAX,SEA,2026-11-06,2026-11-07,36,main,10:00,337
2026-10-01T19:06:33Z,LAX,SEA,2026-11-06,2026-11-07,36,main,12:05,322
2026-10-01T19:06:33Z,LAX,SEA,2026-11-06,2026-11-07,36,main,13:18,322
2026-10-01T19:06:33Z,LAX,SEA,2026-11-06,2026-11-07,36,main,15:03,322
2026-10-01T19:06:33Z,LAX,SEA,2026-11-06,2026-11-07,36,main,18:18,322
2026-10-01T19:06:33Z,LAX,SEA,2026-11-06,2026-11-07,36,main,19:46,322
2026-10-01T19:06:33Z,LAX,SEA,2026-11-06,2026-11-07,36,main,20:45,322
2026-10-01T23:31:18Z,BUR,SEA,2026-11-06,2026-11-07,36,any,07:03,327
2026-10-01T23:31:18Z,BUR,SEA,2026-11-06,2026-11-07,36,any,10:00,367
2026-10-01T23:31:18Z,BUR,SEA,2026-11-06,2026-11-07,36,any,14:32,287
2026-10-01T23:31:18Z,BUR,SEA,2026-11-06,2026-11-07,36,any,18:09,287
2026-10-01T23:31:18Z,BUR,SEA,2026-11-06,2026-11-07,36,main,07:03,417
2026-10-01T23:31:18Z,BUR,SEA,2026-11-06,2026-11-07,36,main,10:00,457
2026-10-01T23:31:18Z,BUR,SEA,2026-11-06,2026-11-07,36,main,14:32,367
2026-10-01T23:31:18Z,BUR,SEA,2026-11-06,2026-11-07,36,main,18:09,367
2026-10-01T23:31:18Z,LAX,SEA,2026-11-06,2026-11-07,36,any,09:12,242
2026-10-01T23:31:18Z,LAX,SEA,2026-11-06,2026-11-07,36,any,10:00,242
2026-10-01T23:31:18Z,LAX,SEA,2026-11-06,2026-11-07,36,any,11:20,222
2026-10-01T23:31:18Z,LAX,SEA,2026-11-06,2026-11-07,36,any,12:05,222
2026-10-01T23:31:18Z,LAX,SEA,2026-11-06,2026-11-07,36,any,13:18,222
2026-10-01T23:31:18Z,LAX,SEA,2026-11-06,2026-11-07,36,any,15:03,222
2026-10-01T23:31:18Z,LAX,SEA,2026-11-06,2026-11-07,36,any,19:46,197
2026-10-01T23:31:18Z,LAX,SEA,2026-11-06,2026-11-07,36,any,20:45,197
2026-10-01T23:31:18Z,LAX,SEA,2026-11-06,2026-11-07,36,main,09:12,332
2026-10-01T23:31:18Z,LAX,SEA,2026-11-06,2026-11-07,36,main,10:00,332
2026-10-01T23:31:18Z,LAX,SEA,2026-11-06,2026-11-07,36,main,12:05,317
2026-10-01T23:31:18Z,LAX,SEA,2026-11-06,2026-11-07,36,main,13:18,317
2026-10-01T23:31:18Z,LAX,SEA,2026-11-06,2026-11-07,36,main,15:03,317
2026-10-01T23:31:18Z,LAX,SEA,2026-11-06,2026-11-07,36,main,18:18,297
2026-10-01T23:31:18Z,LAX,SEA,2026-11-06,2026-11-07,36,main,19:46,297
2026-10-01T23:31:18Z,LAX,SEA,2026-11-06,2026-11-07,36,main,20:45,297
2026-10-02T08:12:59Z,BUR,SEA,2026-11-06,2026-11-07,35,any,07:03,327
2026-10-02T08:12:59Z,BUR,SEA,2026-11-06,2026-11-07,35,any,10:00,367
2026-10-02T08:12:59Z,BUR,SEA,2026-11-06,2026-11-07,35,any,14:32,287
2026-10-02T08:12:59Z,BUR,SEA,2026-11-06,2026-11-07,35,any,18:09,287
2026-10-02T08:12:59Z,BUR,SEA,2026-11-06,2026-11-07,35,main,07:03,417
2026-10-02T08:12:59Z,BUR,SEA,2026-11-06,2026-11-07,35,main,10:00,457
2026-10-02T08:12:59Z,BUR,SEA,2026-11-06,2026-11-07,35,main,14:32,367
2026-10-02T08:12:59Z,BUR,SEA,2026-11-06,2026-11-07,35,main,18:09,367
2026-10-02T08:12:59Z,LAX,SEA,2026-11-06,2026-11-07,35,any,09:12,242
2026-10-02T08:12:59Z,LAX,SEA,2026-11-06,2026-11-07,35,any,10:00,242
2026-10-02T08:12:59Z,LAX,SEA,2026-11-06,2026-11-07,35,any,11:20,222
2026-10-02T08:12:59Z,LAX,SEA,2026-11-06,2026-11-07,35,any,12:05,222
2026-10-02T08:12:59Z,LAX,SEA,2026-11-06,2026-11-07,35,any,13:18,222
2026-10-02T08:12:59Z,LAX,SEA,2026-11-06,2026-11-07,35,any,15:03,222
2026-10-02T08:12:59Z,LAX,SEA,2026-11-06,2026-11-07,35,any,19:46,197
2026-10-02T08:12:59Z,LAX,SEA,2026-11-06,2026-11-07,35,any,20:45,197
2026-10-02T08:12:59Z,LAX,SEA,2026-11-06,2026-11-07,35,main,09:12,332
2026-10-02T08:12:59Z,LAX,SEA,2026-11-06,2026-11-07,35,main,10:00,332
2026-10-02T08:12:59Z,LAX,SEA,2026-11-06,2026-11-07,35,main,12:05,317
2026-10-02T08:12:59Z,LAX,SEA,2026-11-06,2026-11-07,35,main,13:18,317
2026-10-02T08:12:59Z,LAX,SEA,2026-11-06,2026-11-07,35,main,15:03,317
2026-10-02T08:12:59Z,LAX,SEA,2026-11-06,2026-11-07,35,main,18:18,297
2026-10-02T08:12:59Z,LAX,SEA,2026-11-06,2026-11-07,35,main,19:46,297
2026-10-02T08:12:59Z,LAX,SEA,2026-11-06,2026-11-07,35,main,20:45,297
2026-10-02T18:46:40Z,BUR,SEA,2026-11-06,2026-11-07,35,any,07:03,327
2026-10-02T18:46:40Z,BUR,SEA,2026-11-06,2026-11-07,35,any,10:00,367
2026-10-02T18:46:40Z,BUR,SEA,2026-11-06,2026-11-07,35,any,14:32,287
2026-10-02T18:46:40Z,BUR,SEA,2026-11-06,2026-11-07,35,any,18:09,287
2026-10-02T18:46:40Z,BUR,SEA,2026-11-06,2026-11-07,35,main,07:03,417
2026-10-02T18:46:40Z,BUR,SEA,2026-11-06,2026-11-07,35,main,10:00,457
2026-10-02T18:46:40Z,BUR,SEA,2026-11-06,2026-11-07,35,main,14:32,367
2026-10-02T18:46:40Z,BUR,SEA,2026-11-06,2026-11-07,35,main,18:09,367
2026-10-02T18:46:40Z,LAX,SEA,2026-11-06,2026-11-07,35,any,08:00,222
2026-10-02T18:46:40Z,LAX,SEA,2026-11-06,2026-11-07,35,any,09:12,222
2026-10-02T18:46:40Z,LAX,SEA,2026-11-06,2026-11-07,35,any,10:00,222
2026-10-02T18:46:40Z,LAX,SEA,2026-11-06,2026-11-07,35,any,13:18,222
2026-10-02T18:46:40Z,LAX,SEA,2026-11-06,2026-11-07,35,any,15:03,222
2026-10-02T18:46:40Z,LAX,SEA,2026-11-06,2026-11-07,35,any,18:18,197
2026-10-02T18:46:40Z,LAX,SEA,2026-11-06,2026-11-07,35,any,19:46,197
2026-10-02T18:46:40Z,LAX,SEA,2026-11-06,2026-11-07,35,any,20:45,197
2026-10-02T18:46:40Z,LAX,SEA,2026-11-06,2026-11-07,35,main,08:00,317
2026-10-02T18:46:40Z,LAX,SEA,2026-11-06,2026-11-07,35,main,10:00,317
2026-10-02T18:46:40Z,LAX,SEA,2026-11-06,2026-11-07,35,main,13:18,317
2026-10-02T18:46:40Z,LAX,SEA,2026-11-06,2026-11-07,35,main,15:03,317
2026-10-02T18:46:40Z,LAX,SEA,2026-11-06,2026-11-07,35,main,18:18,297
2026-10-02T18:46:40Z,LAX,SEA,2026-11-06,2026-11-07,35,main,19:46,297
2026-10-02T18:46:40Z,LAX,SEA,2026-11-06,2026-11-07,35,main,20:45,297
2026-10-02T23:22:26Z,BUR,SEA,2026-11-06,2026-11-07,35,any,07:03,327
2026-10-02T23:22:26Z,BUR,SEA,2026-11-06,2026-11-07,35,any,10:00,367
2026-10-02T23:22:26Z,BUR,SEA,2026-11-06,2026-11-07,35,any,14:32,287
2026-10-02T23:22:26Z,BUR,SEA,2026-11-06,2026-11-07,35,any,18:09,287
2026-10-02T23:22:26Z,BUR,SEA,2026-11-06,2026-11-07,35,main,07:03,417
2026-10-02T23:22:26Z,BUR,SEA,2026-11-06,2026-11-07,35,main,10:00,457
2026-10-02T23:22:26Z,BUR,SEA,2026-11-06,2026-11-07,35,main,14:32,367
2026-10-02T23:22:26Z,BUR,SEA,2026-11-06,2026-11-07,35,main,18:09,367
2026-10-02T23:22:26Z,LAX,SEA,2026-11-06,2026-11-07,35,any,08:00,222
2026-10-02T23:22:26Z,LAX,SEA,2026-11-06,2026-11-07,35,any,10:00,222
2026-10-02T23:22:26Z,LAX,SEA,2026-11-06,2026-11-07,35,any,13:18,222
2026-10-02T23:22:26Z,LAX,SEA,2026-11-06,2026-11-07,35,any,15:03,222
2026-10-02T23:22:26Z,LAX,SEA,2026-11-06,2026-11-07,35,any,18:18,197
2026-10-02T23:22:26Z,LAX,SEA,2026-11-06,2026-11-07,35,any,19:46,197
2026-10-02T23:22:26Z,LAX,SEA,2026-11-06,2026-11-07,35,any,20:45,197
2026-10-02T23:22:26Z,LAX,SEA,2026-11-06,2026-11-07,35,main,08:00,317
2026-10-02T23:22:26Z,LAX,SEA,2026-11-06,2026-11-07,35,main,10:00,317
2026-10-02T23:22:26Z,LAX,SEA,2026-11-06,2026-11-07,35,main,11:20,312
2026-10-02T23:22:26Z,LAX,SEA,2026-11-06,2026-11-07,35,main,13:18,317
2026-10-02T23:22:26Z,LAX,SEA,2026-11-06,2026-11-07,35,main,15:03,317
2026-10-02T23:22:26Z,LAX,SEA,2026-11-06,2026-11-07,35,main,18:18,297
2026-10-02T23:22:26Z,LAX,SEA,2026-11-06,2026-11-07,35,main,19:46,297
2026-10-02T23:22:26Z,LAX,SEA,2026-11-06,2026-11-07,35,main,20:45,297
2026-10-03T07:49:53Z,BUR,SEA,2026-11-06,2026-11-07,34,any,07:03,327
2026-10-03T07:49:53Z,BUR,SEA,2026-11-06,2026-11-07,34,any,10:00,367
2026-10-03T07:49:53Z,BUR,SEA,2026-11-06,2026-11-07,34,any,14:32,287
2026-10-03T07:49:53Z,BUR,SEA,2026-11-06,2026-11-07,34,any,18:09,287
2026-10-03T07:49:53Z,BUR,SEA,2026-11-06,2026-11-07,34,main,07:03,417
2026-10-03T07:49:53Z,BUR,SEA,2026-11-06,2026-11-07,34,main,10:00,457
2026-10-03T07:49:53Z,BUR,SEA,2026-11-06,2026-11-07,34,main,14:32,367
2026-10-03T07:49:53Z,BUR,SEA,2026-11-06,2026-11-07,34,main,18:09,367
2026-10-03T07:49:53Z,LAX,SEA,2026-11-06,2026-11-07,34,any,08:00,222
2026-10-03T07:49:53Z,LAX,SEA,2026-11-06,2026-11-07,34,any,10:00,222
2026-10-03T07:49:53Z,LAX,SEA,2026-11-06,2026-11-07,34,any,11:20,222
2026-10-03T07:49:53Z,LAX,SEA,2026-11-06,2026-11-07,34,any,13:18,222
2026-10-03T07:49:53Z,LAX,SEA,2026-11-06,2026-11-07,34,any,15:03,222
2026-10-03T07:49:53Z,LAX,SEA,2026-11-06,2026-11-07,34,any,18:18,197
2026-10-03T07:49:53Z,LAX,SEA,2026-11-06,2026-11-07,34,any,19:46,197
2026-10-03T07:49:53Z,LAX,SEA,2026-11-06,2026-11-07,34,any,20:45,197
2026-10-03T07:49:53Z,LAX,SEA,2026-11-06,2026-11-07,34,main,08:00,317
2026-10-03T07:49:53Z,LAX,SEA,2026-11-06,2026-11-07,34,main,10:00,317
2026-10-03T07:49:53Z,LAX,SEA,2026-11-06,2026-11-07,34,main,11:20,317
2026-10-03T07:49:53Z,LAX,SEA,2026-11-06,2026-11-07,34,main,13:18,317
2026-10-03T07:49:53Z,LAX,SEA,2026-11-06,2026-11-07,34,main,15:03,317
2026-10-03T07:49:53Z,LAX,SEA,2026-11-06,2026-11-07,34,main,18:18,297
2026-10-03T07:49:53Z,LAX,SEA,2026-11-06,2026-11-07,34,main,19:46,297
2026-10-03T07:49:53Z,LAX,SEA,2026-11-06,2026-11-07,34,main,20:45,297
2026-10-03T17:40:18Z,BUR,SEA,2026-11-06,2026-11-07,34,any,07:03,327
2026-10-03T17:40:18Z,BUR,SEA,2026-11-06,2026-11-07,34,any,10:00,367
2026-10-03T17:40:18Z,BUR,SEA,2026-11-06,2026-11-07,34,any,14:32,287
2026-10-03T17:40:18Z,BUR,SEA,2026-11-06,2026-11-07,34,any,18:09,287
2026-10-03T17:40:18Z,BUR,SEA,2026-11-06,2026-11-07,34,main,07:03,417
2026-10-03T17:40:18Z,BUR,SEA,2026-11-06,2026-11-07,34,main,10:00,457
2026-10-03T17:40:18Z,BUR,SEA,2026-11-06,2026-11-07,34,main,14:32,367
2026-10-03T17:40:18Z,BUR,SEA,2026-11-06,2026-11-07,34,main,18:09,367
2026-10-03T17:40:18Z,LAX,SEA,2026-11-06,2026-11-07,34,any,08:00,222
2026-10-03T17:40:18Z,LAX,SEA,2026-11-06,2026-11-07,34,any,10:00,222
2026-10-03T17:40:18Z,LAX,SEA,2026-11-06,2026-11-07,34,any,11:20,222
2026-10-03T17:40:18Z,LAX,SEA,2026-11-06,2026-11-07,34,any,13:18,222
2026-10-03T17:40:18Z,LAX,SEA,2026-11-06,2026-11-07,34,any,15:03,222
2026-10-03T17:40:18Z,LAX,SEA,2026-11-06,2026-11-07,34,any,18:18,197
2026-10-03T17:40:18Z,LAX,SEA,2026-11-06,2026-11-07,34,any,19:46,197
2026-10-03T17:40:18Z,LAX,SEA,2026-11-06,2026-11-07,34,any,20:45,197
2026-10-03T17:40:18Z,LAX,SEA,2026-11-06,2026-11-07,34,main,08:00,317
2026-10-03T17:40:18Z,LAX,SEA,2026-11-06,2026-11-07,34,main,10:00,317
2026-10-03T17:40:18Z,LAX,SEA,2026-11-06,2026-11-07,34,main,11:20,317
2026-10-03T17:40:18Z,LAX,SEA,2026-11-06,2026-11-07,34,main,13:18,317
2026-10-03T17:40:18Z,LAX,SEA,2026-11-06,2026-11-07,34,main,15:03,317
2026-10-03T17:40:18Z,LAX,SEA,2026-11-06,2026-11-07,34,main,18:18,297
2026-10-03T17:40:18Z,LAX,SEA,2026-11-06,2026-11-07,34,main,19:46,297
2026-10-03T17:40:18Z,LAX,SEA,2026-11-06,2026-11-07,34,main,20:45,297
2026-10-03T22:29:37Z,BUR,SEA,2026-11-06,2026-11-07,34,any,07:03,327
2026-10-03T22:29:37Z,BUR,SEA,2026-11-06,2026-11-07,34,any,10:00,367
2026-10-03T22:29:37Z,BUR,SEA,2026-11-06,2026-11-07,34,any,14:32,287
2026-10-03T22:29:37Z,BUR,SEA,2026-11-06,2026-11-07,34,any,18:09,287
2026-10-03T22:29:37Z,BUR,SEA,2026-11-06,2026-11-07,34,main,07:03,417
2026-10-03T22:29:37Z,BUR,SEA,2026-11-06,2026-11-07,34,main,10:00,457
2026-10-03T22:29:37Z,BUR,SEA,2026-11-06,2026-11-07,34,main,14:32,367
2026-10-03T22:29:37Z,BUR,SEA,2026-11-06,2026-11-07,34,main,18:09,367
2026-10-03T22:29:37Z,LAX,SEA,2026-11-06,2026-11-07,34,any,08:00,222
2026-10-03T22:29:37Z,LAX,SEA,2026-11-06,2026-11-07,34,any,10:00,222
2026-10-03T22:29:37Z,LAX,SEA,2026-11-06,2026-11-07,34,any,11:20,222
2026-10-03T22:29:37Z,LAX,SEA,2026-11-06,2026-11-07,34,any,13:18,222
2026-10-03T22:29:37Z,LAX,SEA,2026-11-06,2026-11-07,34,any,15:03,222
2026-10-03T22:29:37Z,LAX,SEA,2026-11-06,2026-11-07,34,any,18:18,197
2026-10-03T22:29:37Z,LAX,SEA,2026-11-06,2026-11-07,34,any,19:46,197
2026-10-03T22:29:37Z,LAX,SEA,2026-11-06,2026-11-07,34,any,20:45,197
2026-10-03T22:29:37Z,LAX,SEA,2026-11-06,2026-11-07,34,main,08:00,317
2026-10-03T22:29:37Z,LAX,SEA,2026-11-06,2026-11-07,34,main,10:00,317
2026-10-03T22:29:37Z,LAX,SEA,2026-11-06,2026-11-07,34,main,11:20,317
2026-10-03T22:29:37Z,LAX,SEA,2026-11-06,2026-11-07,34,main,13:18,317
2026-10-03T22:29:37Z,LAX,SEA,2026-11-06,2026-11-07,34,main,15:03,317
2026-10-03T22:29:37Z,LAX,SEA,2026-11-06,2026-11-07,34,main,18:18,297
2026-10-03T22:29:37Z,LAX,SEA,2026-11-06,2026-11-07,34,main,19:46,297
2026-10-03T22:29:37Z,LAX,SEA,2026-11-06,2026-11-07,34,main,20:45,297
2026-10-04T08:13:55Z,BUR,SEA,2026-11-06,2026-11-07,33,any,07:03,327
2026-10-04T08:13:55Z,BUR,SEA,2026-11-06,2026-11-07,33,any,10:00,367
2026-10-04T08:13:55Z,BUR,SEA,2026-11-06,2026-11-07,33,any,14:32,287
2026-10-04T08:13:55Z,BUR,SEA,2026-11-06,2026-11-07,33,any,18:09,287
2026-10-04T08:13:55Z,BUR,SEA,2026-11-06,2026-11-07,33,main,07:03,417
2026-10-04T08:13:55Z,BUR,SEA,2026-11-06,2026-11-07,33,main,10:00,457
2026-10-04T08:13:55Z,BUR,SEA,2026-11-06,2026-11-07,33,main,14:32,367
2026-10-04T08:13:55Z,BUR,SEA,2026-11-06,2026-11-07,33,main,18:09,367
2026-10-04T08:13:55Z,LAX,SEA,2026-11-06,2026-11-07,33,any,08:00,222
2026-10-04T08:13:55Z,LAX,SEA,2026-11-06,2026-11-07,33,any,10:00,222
2026-10-04T08:13:55Z,LAX,SEA,2026-11-06,2026-11-07,33,any,11:20,222
2026-10-04T08:13:55Z,LAX,SEA,2026-11-06,2026-11-07,33,any,13:18,222
2026-10-04T08:13:55Z,LAX,SEA,2026-11-06,2026-11-07,33,any,15:03,222
2026-10-04T08:13:55Z,LAX,SEA,2026-11-06,2026-11-07,33,any,18:18,197
2026-10-04T08:13:55Z,LAX,SEA,2026-11-06,2026-11-07,33,any,19:46,197
2026-10-04T08:13:55Z,LAX,SEA,2026-11-06,2026-11-07,33,any,20:45,197
2026-10-04T08:13:55Z,LAX,SEA,2026-11-06,2026-11-07,33,main,08:00,317
2026-10-04T08:13:55Z,LAX,SEA,2026-11-06,2026-11-07,33,main,10:00,317
2026-10-04T08:13:55Z,LAX,SEA,2026-11-06,2026-11-07,33,main,11:20,317
2026-10-04T08:13:55Z,LAX,SEA,2026-11-06,2026-11-07,33,main,13:18,317
2026-10-04T08:13:55Z,LAX,SEA,2026-11-06,2026-11-07,33,main,15:03,317
2026-10-04T08:13:55Z,LAX,SEA,2026-11-06,2026-11-07,33,main,18:18,297
2026-10-04T08:13:55Z,LAX,SEA,2026-11-06,2026-11-07,33,main,19:46,297
2026-10-04T08:13:55Z,LAX,SEA,2026-11-06,2026-11-07,33,main,20:45,297
2026-10-04T17:53:46Z,BUR,SEA,2026-11-06,2026-11-07,33,any,07:03,327
2026-10-04T17:53:46Z,BUR,SEA,2026-11-06,2026-11-07,33,any,10:00,367
2026-10-04T17:53:46Z,BUR,SEA,2026-11-06,2026-11-07,33,any,14:32,287
2026-10-04T17:53:46Z,BUR,SEA,2026-11-06,2026-11-07,33,any,18:09,287
2026-10-04T17:53:46Z,BUR,SEA,2026-11-06,2026-11-07,33,main,07:03,417
2026-10-04T17:53:46Z,BUR,SEA,2026-11-06,2026-11-07,33,main,10:00,457
2026-10-04T17:53:46Z,BUR,SEA,2026-11-06,2026-11-07,33,main,14:32,367
2026-10-04T17:53:46Z,BUR,SEA,2026-11-06,2026-11-07,33,main,18:09,367
2026-10-04T17:53:46Z,LAX,SEA,2026-11-06,2026-11-07,33,any,08:00,222
2026-10-04T17:53:46Z,LAX,SEA,2026-11-06,2026-11-07,33,any,10:00,222
2026-10-04T17:53:46Z,LAX,SEA,2026-11-06,2026-11-07,33,any,11:20,222
2026-10-04T17:53:46Z,LAX,SEA,2026-11-06,2026-11-07,33,any,13:18,222
2026-10-04T17:53:46Z,LAX,SEA,2026-11-06,2026-11-07,33,any,15:03,222
2026-10-04T17:53:46Z,LAX,SEA,2026-11-06,2026-11-07,33,any,18:18,197
2026-10-04T17:53:46Z,LAX,SEA,2026-11-06,2026-11-07,33,any,19:46,197
2026-10-04T17:53:46Z,LAX,SEA,2026-11-06,2026-11-07,33,any,20:45,197
2026-10-04T17:53:46Z,LAX,SEA,2026-11-06,2026-11-07,33,main,08:00,317
2026-10-04T17:53:46Z,LAX,SEA,2026-11-06,2026-11-07,33,main,10:00,317
2026-10-04T17:53:46Z,LAX,SEA,2026-11-06,2026-11-07,33,main,11:20,317
2026-10-04T17:53:46Z,LAX,SEA,2026-11-06,2026-11-07,33,main,13:18,317
2026-10-04T17:53:46Z,LAX,SEA,2026-11-06,2026-11-07,33,main,15:03,317
2026-10-04T17:53:46Z,LAX,SEA,2026-11-06,2026-11-07,33,main,18:18,297
2026-10-04T17:53:46Z,LAX,SEA,2026-11-06,2026-11-07,33,main,19:46,297
2026-10-04T17:53:46Z,LAX,SEA,2026-11-06,2026-11-07,33,main,20:45,297
